EncuestaID,JugadorID
1,1
1,2
1,3
2,2
2,1
2,4
3,2
3,5
4,6
5,1
6,1
7,7
8,2
8,7
8,8
9,7
9,3
10,2
10,9
11,3
11,2
12,6
13,2
14,2
14,3
15,7
15,3
15,1
16,10
16,2
17,9
17,11
17,6
18,3
18,6
18,7
19,8
19,12
20,10
21,7
21,9
21,12
22,7
22,2
22,3
23,6
23,7
23,4
24,3
24,6
25,7
26,13
26,1
27,1
28,7
28,10
29,14
30,14
30,7
30,10
31,9
32,2
32,6
32,11
33,12
33,9
34,7
35,4
36,13
37,5
38,7
38,10
38,6
39,14
40,10
41,2
41,6
41,9
42,3
42,8
43,13
43,1
44,3
44,10
45,6
46,9
46,10
47,14
47,7
47,6
48,7
49,3
50,2
51,7
51,4
51,3
52,7
52,2
53,3
53,10
53,13
54,1
55,5
55,6
55,14
56,7
56,3
56,6
57,3
57,5
58,3
58,12
58,13
59,1
59,3
60,5
61,8
61,3
62,9
62,2
63,8
63,2
64,7
64,10
64,2
65,3
66,8
66,2
67,7
67,6
68,7
68,1
69,3
69,7
70,1
70,4
71,3
71,1
72,7
72,13
72,12
73,7
73,14
74,6
75,1
75,2
76,7
76,5
76,6
77,2
77,3
78,10
78,7
78,13
79,12
79,2
80,1
80,4
81,3
81,1
81,6
82,3
83,1
83,10
84,3
84,7
85,7
86,4
86,1
87,3
88,2
88,13
88,3
89,7
89,10
89,2
90,2
91,7
92,12
92,2
92,6
93,2
93,6
94,2
94,3
94,13
95,7
95,11
95,3
96,6
96,5
97,2
98,2
99,7
100,7
100,3
100,2
101,12
101,7
102,10
103,13
103,7
103,1
104,3
104,2
104,5
105,13
105,6
106,7
106,6
106,12
107,2
107,13
108,1
108,7
109,8
109,11
110,1
110,2
111,6
111,2
111,5
112,10
112,2
112,13
113,1
113,7
113,6
114,7
114,2
115,13
116,13
117,10
117,2
118,3
118,13
119,7
120,2
120,1
121,14
122,3
122,1
122,2
123,5
123,12
124,10
125,10
126,2
127,7
127,1
128,8
128,6
129,1
129,7
130,6
130,8
131,6
131,14
132,1
132,7
133,1
134,3
134,10
134,1
135,7
135,4
136,7
136,3
137,13
137,2
138,12
138,13
139,3
139,4
140,1
140,2
140,7
141,3
141,13
141,11
142,11
142,7
142,13
143,7
144,7
145,7
145,2
145,6
146,7
146,2
147,1
148,7
148,4
148,6
149,4
150,1
150,8
151,13
151,3
152,7
153,6
153,2
154,2
155,2
155,14
155,5
156,2
157,3
157,6
158,7
159,1
159,6
160,4
160,2
161,2
161,10
162,1
162,13
163,7
163,13
163,1
164,7
164,6
164,5
165,4
165,3
166,7
166,1
167,2
167,7
167,1
168,10
168,9
169,4
169,2
169,7
170,10
171,9
172,1
173,3
173,7
173,4
174,6
174,7
174,2
175,14
176,10
177,7
178,10
178,2
178,1
179,6
179,3
179,1
180,10
180,3
180,8
181,10
181,11
181,1
182,1
182,12
183,7
184,2
184,5
184,6
185,7
185,12
185,3
186,3
186,10
186,7
187,6
187,3
188,7
189,2
190,1
190,7
191,6
192,13
193,12
193,6
193,2
194,13
194,5
195,10
196,5
197,2
198,3
199,7
199,6
200,7
201,4
201,2
201,5
202,3
202,7
202,2
203,13
203,10
204,7
205,6
205,7
205,1
206,1
206,2
207,3
207,13
208,7
209,7
209,8
209,13
210,3
210,6
211,7
211,10
211,13
212,1
212,7
213,6
214,10
215,7
215,13
215,4
216,2
216,7
216,1
217,6
217,2
218,2
219,7
219,3
220,2
220,7
221,7
221,4
221,3
222,1
223,10
223,2
224,11
224,7
225,2
226,2
227,7
227,6
227,4
228,4
228,12
228,13
229,13
229,2
229,6
230,4
230,7
231,4
231,2
232,10
232,5
233,14
233,13
233,1
234,2
235,2
235,1
235,10
236,3
236,11
237,2
238,7
238,3
239,6
239,4
240,7
240,5
241,9
241,4
241,13
242,4
243,1
243,5
244,7
245,7
246,2
246,7
246,12
247,3
248,2
248,5
249,7
250,2
250,3
251,9
251,7
251,3
252,10
252,7
252,1
253,6
253,2
253,10
254,3
254,13
255,3
256,1
256,7
256,3
257,2
258,14
258,13
259,13
259,6
260,6
260,7
261,2
261,6
261,3
262,7
262,4
263,1
264,3
264,4
264,2
265,10
266,3
267,10
268,3
269,2
269,7
269,1
270,11
270,5
270,2
271,7
271,3
272,6
272,13
273,2
274,7
274,6
274,10
275,2
275,7
275,5
276,2
276,7
276,1
277,1
277,7
278,1
278,2
278,10
279,7
280,2
281,9
281,2
282,13
282,14
282,6
283,7
283,3
284,2
284,12
285,2
286,11
287,7
287,11
287,13
288,3
288,6
289,7
289,3
290,2
291,13
291,3
1595,7
1595,12
1595,3
293,6
294,6
295,7
296,10
296,2
296,7
297,2
298,2
298,14
299,7
300,3
301,13
302,3
303,10
304,11
304,6
304,1
305,3
306,12
306,2
307,2
308,13
308,6
309,2
309,6
310,7
310,12
311,10
312,7
312,3
313,6
314,3
314,2
315,12
315,6
315,13
316,7
316,1
317,7
317,1
318,7
318,10
318,6
319,7
320,7
320,5
321,7
321,2
322,6
322,14
322,10
323,3
323,12
323,13
324,12
325,2
325,7
326,6
326,2
326,4
327,3
327,8
327,13
328,7
328,5
329,6
329,12
329,1
330,1
330,10
331,1
332,7
332,2
333,2
334,6
334,8
335,13
335,10
336,13
336,4
337,3
337,7
337,1
338,6
338,2
339,2
339,8
339,1
340,2
341,7
341,14
342,2
343,1
343,2
343,6
344,1
345,9
345,11
346,7
347,4
348,2
1960,8
350,2
350,3
350,7
351,13
351,2
351,8
352,11
352,4
352,2
353,12
353,7
353,13
354,2
355,3
355,7
355,6
356,3
356,6
356,2
357,2
357,5
358,1
358,7
358,2
359,7
359,8
359,2
360,7
360,10
360,6
361,13
362,6
362,12
363,5
363,7
364,8
364,7
364,6
365,5
366,1
366,7
366,11
367,4
367,2
367,9
368,1
369,2
369,6
369,3
370,9
370,1
371,6
371,2
371,3
372,1
372,14
372,3
373,5
373,7
373,2
374,5
374,3
375,2
376,7
376,11
377,7
378,1
378,7
378,11
379,2
379,3
380,13
380,1
381,7
381,10
382,1
382,2
382,14
383,1
383,11
384,2
384,11
384,10
385,7
386,7
386,6
386,11
387,2
387,7
387,1
388,8
389,10
389,9
390,13
391,2
392,4
392,1
392,6
393,3
394,1
394,7
395,3
396,8
396,10
397,2
398,7
398,2
399,10
400,3
401,2
401,11
402,13
402,7
403,6
403,2
403,7
404,6
404,2
405,13
405,4
405,7
406,11
407,13
408,2
409,1
410,1
410,10
411,6
411,8
412,2
413,6
413,1
414,9
415,7
416,8
417,10
417,7
417,2
418,7
418,8
418,1
420,6
420,2
420,12
421,13
421,7
422,3
423,10
424,13
424,6
425,8
426,6
427,2
427,10
428,7
428,9
428,13
429,2
430,13
431,7
431,13
431,4
432,5
432,2
432,1
433,12
434,6
434,13
434,9
435,6
436,2
436,7
436,1
437,10
437,7
438,7
438,6
439,3
439,10
439,4
440,13
440,3
441,9
441,10
442,2
442,7
443,3
443,1
444,4
444,7
444,13
445,1
446,7
446,1
447,3
447,1
448,2
448,7
449,7
1193,6
1193,2
451,7
452,10
452,13
453,13
453,2
454,3
454,6
455,6
456,2
457,5
457,2
457,4
458,6
458,7
458,2
459,6
460,8
460,2
461,2
462,2
463,3
463,8
1049,3
465,3
465,2
465,7
466,6
466,13
466,2
467,3
468,13
468,7
468,2
469,1
469,7
470,1
471,11
472,10
473,8
473,4
2439,1
475,12
475,7
476,6
477,1
477,3
478,3
478,7
479,9
480,1
480,8
480,2
481,1
481,2
482,6
482,11
482,3
483,3
483,2
484,2
485,7
486,1
487,7
487,2
487,6
488,6
489,6
490,13
490,12
491,2
492,8
492,14
493,3
494,1
495,13
495,7
496,7
496,6
497,13
498,3
498,6
499,2
500,8
500,3
501,2
501,6
502,7
503,7
503,8
504,2
505,2
505,8
506,4
506,9
507,4
507,10
508,2
509,2
509,11
509,7
510,13
510,7
511,7
511,3
511,14
512,1
513,3
513,2
513,8
514,2
515,2
515,6
516,7
516,2
517,7
518,10
518,2
519,7
520,12
520,7
521,8
521,5
521,3
522,3
522,2
522,1
523,2
523,6
523,3
524,6
525,4
525,3
526,7
526,10
526,5
527,8
528,7
528,12
528,9
529,6
529,2
530,7
531,13
532,5
533,6
534,6
534,7
534,12
535,6
535,10
535,3
536,5
536,1
536,13
537,5
537,4
538,2
538,7
539,14
539,3
539,10
540,3
540,2
541,2
541,7
542,2
542,4
543,7
543,12
544,2
544,7
544,3
545,6
545,2
546,10
546,3
546,6
547,5
548,6
549,2
550,13
550,11
550,2
551,5
552,13
552,1
552,7
553,10
554,7
555,7
556,3
557,5
558,1
558,7
558,6
559,6
560,7
560,4
560,2
561,6
561,10
562,1
562,10
562,7
563,3
563,2
564,6
564,13
564,7
565,3
566,7
566,11
566,2
567,2
568,10
568,6
568,11
569,1
570,2
570,7
570,1
571,11
571,14
572,13
573,7
573,14
574,3
575,7
575,2
576,3
576,7
577,11
578,2
578,12
579,1
580,9
580,3
580,10
581,6
582,1
582,2
582,3
583,1
583,3
584,7
585,3
586,11
587,2
587,7
588,7
589,11
589,6
590,12
591,13
592,6
592,13
592,12
593,1
593,2
593,7
594,2
595,3
595,7
595,8
596,7
597,2
597,6
597,1
598,3
598,2
598,10
599,6
599,10
600,10
600,3
601,12
601,2
601,7
602,2
602,3
602,7
603,7
603,10
603,1
604,6
605,3
606,10
607,4
607,7
607,12
608,4
609,7
609,8
609,3
1416,5
611,2
612,2
613,6
613,2
613,7
614,2
615,7
615,6
1472,3
1472,2
617,3
618,1
619,3
619,7
619,6
620,11
620,1
620,6
621,10
621,8
621,1
622,3
623,5
623,7
623,9
624,10
624,6
625,14
625,4
625,10
626,2
626,8
627,7
627,3
628,4
628,5
629,13
629,12
630,4
630,3
630,11
631,9
631,11
631,8
632,4
632,14
633,7
634,13
634,14
635,7
636,7
637,5
638,2
638,3
638,1
639,7
639,2
640,1
640,6
641,6
641,2
641,8
642,13
642,3
643,7
643,2
644,2
645,13
646,7
647,4
648,1
648,6
649,7
649,11
650,7
650,1
650,10
651,1
651,2
652,14
652,5
652,3
653,12
653,5
653,1
654,12
654,2
655,8
655,3
656,7
657,1
657,7
657,13
658,7
659,1
659,8
660,9
660,2
661,1
661,6
661,2
662,10
663,3
664,11
664,3
664,8
665,2
665,10
666,7
667,14
668,5
668,2
669,1
669,8
670,13
671,9
671,5
671,3
672,9
672,10
673,3
674,14
675,13
675,7
675,2
676,7
676,2
677,2
677,10
678,4
679,2
679,6
680,9
680,5
680,7
681,3
681,7
682,14
683,3
683,7
684,1
685,13
686,2
686,6
686,3
687,13
688,4
688,10
689,3
1961,8
691,7
691,4
691,13
692,13
692,1
693,1
694,1
694,6
694,12
695,2
695,6
696,2
697,3
697,7
698,2
698,1
699,8
699,7
700,7
701,12
702,2
703,4
703,6
704,2
705,8
705,1
705,7
706,7
706,3
707,2
708,1
708,13
709,2
709,10
710,1
710,3
711,4
712,13
713,12
713,9
713,6
714,1
715,3
716,7
716,2
716,11
717,10
718,11
718,3
719,13
719,10
719,3
720,3
720,7
720,12
721,2
721,9
722,2
723,11
723,7
723,1
724,7
724,13
724,2
725,6
725,2
725,11
726,10
726,12
727,8
727,3
728,12
728,3
729,8
729,1
729,3
730,3
731,7
732,7
732,3
733,10
733,6
733,2
734,3
734,7
734,1
735,11
736,3
736,13
737,1
737,3
737,10
738,3
739,2
740,4
740,7
741,13
741,3
741,6
742,2
743,7
743,9
743,3
744,1
744,3
745,2
745,12
745,1
746,12
747,9
748,6
749,13
749,6
750,7
751,10
751,7
751,3
752,3
753,7
754,8
754,3
754,6
755,7
756,2
757,3
757,2
757,1
758,3
759,9
759,2
760,5
761,8
761,7
761,3
762,14
762,13
763,7
763,12
764,7
764,6
764,2
765,1
765,5
766,13
767,1
767,2
767,10
768,1
768,2
769,2
770,9
771,7
772,7
772,4
772,1
773,3
774,3
775,1
776,3
776,7
776,1
777,3
777,10
778,1
778,3
778,5
779,7
779,6
779,11
780,2
781,3
782,7
782,10
782,6
783,3
784,1
784,3
784,6
785,12
785,10
786,7
786,11
786,2
787,4
787,2
788,3
788,11
788,7
789,12
790,12
791,2
791,14
792,7
793,8
793,13
794,1
794,14
795,2
795,3
795,13
796,3
796,13
797,1
798,8
799,13
800,10
800,7
801,1
801,11
801,9
802,7
802,10
803,8
804,3
804,2
805,1
805,11
806,2
806,1
806,3
807,7
808,7
809,10
809,1
809,7
810,4
810,6
810,3
811,11
811,6
811,9
812,2
813,2
813,6
814,2
815,2
815,7
815,4
816,6
816,2
817,7
818,10
819,2
820,13
821,6
821,7
821,3
822,7
822,9
822,10
823,5
823,3
824,2
824,4
824,7
825,4
825,8
826,3
826,5
827,7
828,8
829,7
830,4
830,7
831,5
831,13
831,1
832,6
833,7
833,3
834,3
835,7
835,6
835,3
836,13
836,6
837,10
837,7
838,3
839,2
839,5
839,13
840,7
840,2
840,10
841,5
842,13
842,2
843,6
843,2
844,2
844,1
844,12
845,3
845,7
846,2
846,7
847,7
847,13
848,3
848,8
848,7
849,2
849,1
850,6
851,2
851,10
852,2
853,3
853,1
853,5
854,7
854,1
854,8
855,3
856,2
856,4
856,6
857,8
857,13
857,10
858,2
859,7
859,1
860,13
861,10
861,9
861,2
862,9
862,3
863,7
864,1
864,3
864,6
865,6
865,2
865,3
866,7
867,13
868,7
868,1
868,10
869,7
869,2
870,1
871,1
872,3
872,14
873,6
874,6
875,10
875,7
876,7
877,2
877,3
878,1
878,13
879,12
880,6
881,11
881,2
882,1
882,9
882,3
883,3
883,2
883,5
884,2
884,7
884,6
885,2
885,6
885,3
886,2
886,13
886,6
888,6
888,1
889,13
890,7
890,2
890,10
891,8
891,6
892,11
892,7
893,5
893,7
893,2
894,13
894,3
894,7
895,13
896,10
896,7
896,4
897,1
898,11
898,3
899,13
899,2
900,7
900,3
900,1
901,7
901,2
901,6
902,11
902,7
902,1
903,7
903,1
903,2
904,3
904,4
904,6
905,8
905,6
905,12
906,6
907,2
907,6
908,7
908,6
908,12
909,3
910,7
911,3
912,3
913,7
913,6
914,2
915,4
915,7
916,2
916,7
917,3
918,8
919,7
919,4
919,5
920,12
920,3
920,2
921,12
921,14
922,3
922,2
923,5
923,13
924,9
924,1
924,7
925,7
925,9
926,10
927,7
927,2
928,9
928,7
929,7
929,5
930,8
930,2
931,3
932,10
932,4
933,7
933,3
934,7
935,7
936,6
936,2
936,7
937,10
937,7
939,6
939,7
939,2
940,7
940,10
940,1
941,1
941,4
942,13
942,7
943,8
944,2
944,5
944,3
945,3
946,2
946,3
947,1
947,2
948,3
948,13
949,13
949,14
950,2
950,6
950,8
951,9
952,14
952,7
952,4
953,3
953,14
953,6
954,10
954,14
954,8
955,7
956,5
956,4
957,6
957,13
957,1
958,11
958,7
958,2
959,13
960,13
960,2
960,5
961,1
961,4
962,7
962,2
963,7
963,1
963,10
964,6
964,3
964,2
965,12
966,2
967,13
968,1
968,7
969,5
969,7
969,13
970,2
971,1
972,7
972,2
972,10
973,2
973,7
974,1
975,2
975,3
976,14
976,3
977,2
977,3
977,8
978,1
978,13
978,9
979,13
979,2
980,1
980,6
980,11
981,7
981,3
982,2
983,2
984,7
984,13
985,3
986,9
986,2
987,2
987,13
988,14
989,4
989,7
990,7
990,10
990,8
991,1
991,3
992,2
993,11
994,11
994,6
995,3
995,11
995,2
996,10
996,7
997,6
997,9
997,8
998,7
998,2
998,13
999,2
1000,6
1000,1
1000,7
1001,6
1001,3
1002,1
1002,6
1003,2
1003,11
1004,7
1004,13
1005,1
1005,6
1006,7
1007,10
1008,1
1008,3
1009,2
1009,7
1010,1
1010,3
1011,7
1011,12
1012,3
1012,2
1013,2
1013,12
1013,13
1014,4
1015,10
1016,12
1017,2
1018,1
1018,10
1019,13
1019,5
1019,3
1020,3
1021,6
1022,3
1022,2
1022,13
1023,7
1023,6
1024,7
1024,2
1025,3
1025,7
1026,1
1026,3
1026,2
1027,10
1028,3
1028,1
1028,6
1029,2
1029,8
1029,10
1030,7
1031,2
1031,7
1031,8
1032,2
1032,7
1033,2
1034,1
1034,3
1034,7
1035,7
1035,3
1036,5
1037,11
1037,5
1037,7
1038,1
1038,2
1038,3
1039,7
1040,7
1041,10
1041,5
1042,3
1042,2
1042,7
1043,13
1044,8
1045,7
1045,1
1045,5
1046,4
1047,7
1048,7
1048,1
1050,3
1050,13
1050,10
1051,2
1051,13
1052,1
1053,7
1054,11
1054,2
1055,8
1055,6
1055,7
1056,2
1057,7
1057,13
1058,3
1059,13
1060,1
1060,7
1060,10
1061,1
1062,1
1062,2
1063,6
1063,1
1063,7
1064,12
1064,3
1065,6
1066,4
1066,2
1067,11
1067,2
1068,1
1068,4
1069,2
1070,10
1070,2
1070,6
1071,7
1071,3
1071,13
1072,3
1072,2
1072,7
1073,2
1073,3
1074,5
1074,6
1075,2
1076,7
1076,3
1077,13
1077,7
1077,3
1078,12
1078,7
1079,1
1079,10
1080,7
1080,6
1081,7
1081,10
1081,14
1082,8
1083,8
1084,6
1084,10
1084,1
1085,1
1085,7
1085,3
1086,3
1087,2
1088,12
1089,7
2124,2
2124,7
1091,7
1092,2
1092,1
1092,11
1093,13
1093,7
1093,3
1094,13
1094,7
1094,3
1095,7
1096,3
1096,1
1097,2
1097,7
1097,10
1098,4
1098,2
1099,2
1099,9
1099,10
1100,2
1100,1
1101,1
1101,2
1102,7
1103,14
1103,2
1103,8
1104,4
1104,7
1104,12
1105,7
1105,3
1105,2
1106,10
1106,9
1106,12
1107,2
1107,3
1107,13
2199,2
2199,6
1109,12
1109,7
1109,2
1110,3
1111,2
1112,2
1113,2
1114,6
1115,3
1117,1
1117,6
1118,1
1118,13
1119,6
1120,1
1120,7
1120,9
1121,2
1121,1
1122,6
1122,8
1122,2
1123,5
1123,7
1123,13
1124,6
1124,5
1125,12
1126,7
1126,13
1127,6
1129,2
1129,5
1130,1
1130,3
1130,6
1131,13
1131,4
1131,3
1132,7
1132,12
1132,13
1133,1
1133,4
1134,2
1134,6
1135,7
1135,2
1136,3
1136,1
1136,10
1137,6
1137,2
1137,10
1138,7
1139,6
1140,13
1140,7
1141,1
1142,10
1143,9
1144,3
1144,2
1145,5
1146,9
1146,2
1147,4
1148,11
1148,2
1149,12
1150,10
1151,3
1152,7
1152,2
1152,13
1153,6
1154,2
1154,14
1155,14
1156,6
1156,7
1157,2
1158,6
1158,5
1159,6
1159,14
1160,13
1160,2
1161,7
1161,3
1161,9
1162,1
1162,6
1162,3
1163,10
1164,13
1165,7
1165,3
1166,6
1166,1
1166,11
1167,10
1167,5
1168,8
1168,2
1169,3
1169,12
1169,4
1170,13
1171,10
1172,3
1172,4
1173,3
1173,2
1174,7
1174,13
1175,10
1175,2
1176,5
1176,6
1177,1
1178,10
1178,12
1178,7
1179,6
1179,2
1180,2
1180,9
1181,11
1182,13
1182,3
1183,12
1183,14
1184,1
1185,8
1185,2
1185,6
1186,2
1186,1
1186,7
1187,13
1481,14
1481,4
1481,2
1189,6
1190,7
1191,3
1191,9
1191,2
1192,10
1192,2
1192,1
1194,2
1194,9
1194,7
1195,2
1196,2
1196,7
1197,2
1198,1
1199,8
1199,11
1200,11
1200,13
1201,3
1202,1
1203,10
1203,5
1203,6
1204,6
1204,13
1204,3
1205,1
1206,10
1207,6
1207,3
1207,11
1208,6
1208,7
1208,13
1209,7
1209,3
1209,12
1210,1
1210,7
1210,5
1211,5
1211,4
1212,7
1213,2
1213,8
1213,7
1214,3
1214,7
1215,7
1216,7
1217,4
1217,2
1218,13
1218,6
1218,7
1219,2
1220,7
1220,12
1221,7
1221,2
1221,5
1222,1
1222,14
1222,7
1223,12
1223,7
1223,6
1224,7
1224,5
1225,7
1226,2
1227,2
1228,2
1228,13
1228,10
1229,2
1229,1
1229,6
1230,3
1231,11
1231,1
1232,2
1232,13
1233,4
1234,1
1234,2
1234,3
1235,2
1236,2
1236,10
1237,4
1237,10
1238,7
1238,2
1238,13
1239,10
1239,2
1240,12
1240,6
1240,13
1241,7
1241,10
1241,9
1242,13
1242,12
1243,6
1243,1
1244,11
1245,9
1245,7
1246,10
1246,3
1246,7
1247,7
1248,7
1248,1
1249,1
1249,10
1249,13
1250,1
1250,8
1250,3
1251,11
1251,7
1251,10
1252,2
1253,2
1253,8
1253,9
1254,1
1254,3
1254,7
1255,1
1256,6
1256,3
1257,6
1257,3
1258,2
1259,8
1259,3
1259,1
1260,10
1261,7
1261,2
1262,1
1262,2
1263,6
1264,1
1265,3
1265,10
1266,7
1266,6
1266,1
1267,7
1267,2
1268,1
1268,6
1268,13
1269,2
1270,13
1270,7
1270,1
1271,7
1271,3
1271,1
1864,5
1864,10
1864,7
1273,3
1274,7
1274,2
1275,4
1275,1
1276,1
1276,8
1277,2
1277,6
1278,10
1278,3
1278,2
1279,2
1279,14
1279,7
1280,9
1281,7
1282,2
1282,8
1283,7
1284,12
1284,1
1285,1
1285,7
1286,3
1286,1
1286,6
1287,7
1288,1
1289,6
1289,13
1289,11
1290,2
1290,10
1290,3
1291,11
1291,3
1292,7
1292,10
1292,5
1293,7
1293,1
1294,2
1295,7
1296,9
1297,1
1298,12
1299,7
1299,10
1300,2
1300,4
1300,6
1301,12
1302,2
1303,8
1304,4
1304,10
1305,8
1305,1
1306,7
1307,10
1308,10
1308,2
1308,7
1309,3
1310,1
1311,7
1311,2
1312,13
1312,1
1312,2
1313,7
1314,3
1314,5
1314,10
1315,8
1316,3
1316,8
1316,10
1317,11
1317,1
1317,13
1318,3
2405,2
1320,6
1321,2
1322,8
1323,2
1323,1
1323,8
1324,1
1325,7
1325,1
1325,13
1326,9
1327,2
1327,7
1327,5
1328,2
1328,1
1329,6
1329,2
1329,7
1330,2
1330,13
1330,3
1331,2
1332,7
1332,2
1333,2
1333,14
1333,7
1334,13
1334,2
1335,12
1336,1
1336,11
1336,6
1337,2
1339,3
1339,7
1340,13
1341,7
1341,2
1342,11
1342,2
1342,3
1343,7
1344,2
1344,13
1344,3
1345,2
1346,1
1346,9
1347,7
1348,1
1348,6
1348,12
1349,7
1349,8
1350,8
1351,2
1352,7
1352,4
1353,13
1353,2
1353,3
1354,10
1355,2
1355,12
1356,5
1357,6
1357,1
1357,2
1358,14
1358,7
1358,2
1359,6
1360,7
1360,8
1360,1
1361,8
1361,14
1362,13
1362,8
1363,7
1363,5
1363,12
1364,2
1364,4
1364,10
1365,12
1365,7
1365,2
1366,4
1366,6
1366,3
1367,2
1367,1
1368,13
1368,2
1369,10
1370,3
1371,13
1371,12
1371,7
1372,3
1372,6
1373,9
1373,5
1374,1
1375,2
1375,6
1375,4
1376,7
1377,3
1378,1
1379,9
1379,1
1379,5
1380,14
1381,1
1382,7
1382,1
1383,3
1384,11
1385,7
1385,2
1386,7
1386,13
1387,7
1388,14
1388,7
1389,2
1390,2
1390,3
1391,7
1391,2
1392,1
1392,2
1393,6
1393,8
1394,2
1394,8
1395,8
1395,13
1396,1
1397,2
1397,1
1398,7
1399,6
1399,2
1399,3
1400,2
1401,11
1401,2
1402,10
1402,14
1402,2
1403,11
1403,7
1404,7
1405,1
1405,9
1406,2
1406,7
1407,2
1407,3
1407,6
1408,2
1408,7
1408,3
1409,13
1410,2
1410,3
1411,12
1412,10
1412,5
1413,5
1413,10
1414,11
1414,1
1415,11
1415,3
1415,1
1417,1
1418,2
1419,2
1420,2
1421,6
1421,2
1421,1
1422,7
1422,13
1422,2
2478,2
2478,5
1424,6
1425,11
1425,3
1426,1
1426,13
1427,4
1427,8
1427,10
1428,3
1429,1
1430,13
1430,7
1431,6
1432,7
1432,2
1432,3
1433,2
1433,10
1433,7
1434,10
1434,6
1435,1
1435,2
1436,1
1436,12
1437,2
1438,9
1439,7
1440,13
1440,2
1440,12
1441,10
1441,13
1442,2
1442,7
1442,6
1443,13
1443,3
1443,7
1444,7
1445,4
1445,7
1445,3
1446,2
1447,10
1447,1
1447,3
1448,2
1449,3
1449,7
1450,2
1450,8
1451,2
1452,7
1452,10
1453,7
1453,2
1453,8
1454,2
1454,6
1454,7
1455,6
1455,7
1456,1
1456,7
1456,12
1457,3
1457,5
1458,1
1458,3
1458,5
1460,3
1460,14
1460,6
1461,3
1461,11
1462,7
1462,2
1462,10
1463,8
1463,3
1463,6
1464,7
1465,2
1466,7
1466,10
1467,1
1467,13
1467,5
1468,10
1469,7
1470,1
1470,7
1470,13
1471,3
1471,7
1471,5
1473,13
1473,5
1473,4
1474,7
1474,1
1475,3
1475,13
1476,2
1476,7
1477,8
1478,2
1478,7
1478,10
1479,12
1479,1
1480,6
1480,2
1482,10
1482,3
1482,2
1483,11
1483,10
1483,14
1484,12
1484,1
1484,2
1485,7
1485,3
1485,1
1486,2
1486,3
1487,12
1487,13
1488,7
1488,1
1489,1
1489,8
1490,7
1490,3
1490,5
1491,10
1492,2
1493,10
1494,7
1494,3
1495,6
1495,3
1495,1
1496,3
1497,7
1497,4
1498,2
1498,7
1498,9
1499,2
1499,3
1499,4
1500,7
1500,6
1500,1
1501,6
1502,8
1502,3
1503,3
1504,6
1505,10
1506,1
1506,7
1506,4
1507,4
1507,2
1508,4
1508,1
1508,10
1509,2
1510,2
1511,7
1512,7
1513,5
1514,3
1514,1
1515,1
1515,8
1515,7
1516,2
1517,13
1518,3
1518,14
1518,6
1519,6
1520,6
1521,7
1522,2
1522,7
1522,13
1523,2
1523,7
1523,4
1524,7
1524,11
1524,13
1525,13
1525,9
1525,3
1526,2
1526,6
1527,13
1528,11
1528,3
1529,4
1529,10
1529,2
1530,10
1531,7
1531,4
1531,1
1532,7
1532,3
1532,10
1533,12
1533,11
1534,10
1535,10
1535,3
1535,6
1536,6
1536,12
1536,3
1537,2
1538,12
1539,2
1540,1
1540,12
1540,11
1541,10
1541,11
1542,14
1542,10
1542,13
1543,11
1543,10
1543,6
1544,2
1545,2
1546,2
1546,6
1546,8
1547,13
1548,11
1549,7
1549,14
1549,6
1550,5
1550,6
1550,7
1551,7
1552,2
1552,12
1553,13
1553,4
1553,7
1554,4
1554,12
1554,13
1555,7
1555,2
1555,10
1556,1
1556,7
1556,6
1557,7
1557,2
1557,12
1558,7
1558,3
1559,6
1559,3
1559,10
1560,2
1560,8
1560,13
1561,4
1561,7
1562,2
1563,14
1563,4
1564,2
1565,6
1566,6
1567,7
1567,10
1567,2
1568,7
1568,2
1569,4
1569,13
1569,8
1570,8
1570,4
1571,7
1571,13
1572,3
1572,2
1573,7
1573,2
1574,8
1574,2
1575,7
1575,4
1576,1
1576,13
1576,6
1577,2
1577,9
1578,9
1578,2
1578,3
1579,1
1579,3
1580,8
1580,1
1581,1
1581,5
1581,14
1582,3
1583,2
1583,6
1584,7
1585,4
1585,6
1586,3
1587,11
1587,8
1588,7
1589,13
1589,7
1589,2
1590,11
1591,2
1592,10
1592,3
1593,10
1593,9
1593,8
1594,8
1596,8
1597,11
1597,2
1597,1
1598,6
1598,5
1598,8
1599,6
1599,1
1600,6
1600,4
1601,8
1601,2
1602,10
1603,7
1603,2
1604,10
1605,2
1606,2
1607,7
1607,1
1608,7
1609,6
1610,6
1611,6
1611,3
1611,7
1612,7
1612,2
1612,6
1613,4
1613,14
1613,1
1614,5
1614,2
1614,1
1615,7
1615,3
1616,3
1616,7
1616,2
1617,2
1618,10
1619,3
1619,2
1619,6
1620,6
1620,2
1620,9
1621,2
1621,3
1621,13
1622,4
1622,7
1622,3
1623,2
1624,12
1625,11
1626,2
1626,4
1626,7
1627,2
1627,3
1627,11
1628,2
1628,7
1628,8
1629,4
1629,6
1630,7
1630,2
1631,7
1632,14
1632,7
1633,7
1633,3
1634,1
1635,13
1635,2
1636,12
1636,2
1637,10
1638,11
1639,3
1639,1
1640,5
1640,7
1640,6
1641,8
1641,6
1642,3
1643,10
1643,6
1643,12
1644,1
1644,2
1645,14
1645,13
1645,1
1646,10
1647,2
1647,14
1648,2
1648,6
1649,10
1650,2
1651,6
1651,8
1651,1
1652,2
1653,7
1653,3
1653,9
1654,7
1654,3
1654,10
1655,10
1656,4
1656,12
1656,10
1657,2
1657,12
1658,7
1659,7
1660,2
1661,3
1661,7
1661,13
1662,1
1663,3
1663,7
1663,2
1664,7
1664,9
1664,6
1665,2
1666,2
1666,3
1667,2
1668,13
1669,6
1670,7
1670,12
1671,7
1671,3
1672,2
1672,3
1672,11
1673,2
1673,7
1673,6
1674,13
1674,11
1675,14
1675,6
1675,2
1676,5
1676,1
1676,2
1677,6
1677,7
1677,10
1678,7
1678,10
1679,13
1679,1
1680,1
1680,10
1680,2
1681,14
1682,1
1682,7
1683,7
1683,1
1683,5
1684,2
1684,7
1685,1
1686,7
1686,8
1686,2
1687,1
1688,4
1688,7
1688,6
1689,10
1690,6
1690,7
1690,2
1691,13
1691,2
1691,3
1692,8
1692,9
1692,13
1693,4
1693,13
1694,7
1694,6
1694,2
1695,2
1695,6
1696,5
1696,7
1697,2
1697,3
1697,6
1698,13
1699,2
1699,6
1699,3
1700,1
1700,11
1701,7
1701,2
1702,5
1702,3
1703,11
1704,3
1704,2
1704,7
1705,6
1705,3
1705,5
1706,13
1706,6
1707,1
1707,7
1708,10
1709,1
1709,7
1709,2
1710,7
1711,4
1712,13
1712,10
1712,11
1713,13
1713,14
1713,2
1714,2
1715,3
1716,12
1716,11
1716,2
1717,5
1717,2
1717,11
1718,1
1718,7
1719,7
1719,5
1720,7
1720,2
1720,6
1721,6
1721,3
1722,7
1722,6
1722,4
1723,11
1724,2
1724,6
1724,13
1725,3
1726,2
1726,3
1727,1
1728,7
1728,2
1728,8
1729,3
1729,11
1730,3
1730,7
1730,2
1731,6
1731,2
1731,1
1732,7
1732,1
1732,6
1733,7
1733,13
1733,6
1734,13
1734,12
1735,11
1736,13
1736,2
1736,10
1737,11
1737,10
1738,13
1738,7
1739,7
1739,2
1739,6
1740,6
1740,3
1740,13
1741,3
1741,10
1742,10
1742,3
1743,13
1743,11
1744,6
1745,2
1745,6
1745,3
1746,3
1746,2
1746,1
1747,1
1747,6
1747,2
1748,7
1749,1
1749,2
1749,7
1750,12
1750,2
1751,7
1752,7
1752,3
1752,2
1753,1
1754,4
1754,7
1754,1
1755,6
1756,10
1756,3
1757,1
1757,14
1758,7
1758,14
1758,6
1759,10
1760,3
1760,1
1761,7
1762,1
1763,6
1763,4
1763,7
1764,7
1764,12
1765,7
1766,3
1766,2
1767,13
1767,7
1768,7
1769,7
1769,2
1770,13
1770,12
1770,6
1771,7
1772,9
1772,1
1772,10
1774,7
1774,3
1774,2
1775,7
1776,2
1777,7
1778,1
1778,7
1779,13
1780,2
1781,9
1781,6
1781,7
1782,2
1782,11
1783,6
1783,8
1783,10
1784,7
1784,3
1785,6
1785,9
1785,2
1786,7
1787,11
1788,13
1788,1
1789,5
1789,2
1789,12
1790,7
1790,13
1790,3
1791,7
1792,14
1793,12
1794,6
1794,7
1794,10
1795,1
1795,7
1795,9
1796,13
1796,7
1797,2
1797,3
1798,7
1798,6
1799,2
1799,3
1799,7
1800,3
1801,7
1802,3
1802,7
1802,2
1803,9
1804,4
1804,6
1804,7
1805,1
1806,3
1806,7
1806,12
1807,2
1808,1
1808,13
1808,5
1809,6
1809,10
1810,7
1811,2
1811,1
1811,6
1812,7
1812,2
1813,8
1813,1
1813,13
1814,11
1814,7
1814,6
1815,11
1816,3
1816,7
1816,4
1817,2
1817,14
1818,2
1819,7
1819,3
1820,7
1820,10
1821,2
1822,6
1823,1
1823,14
1824,2
1824,7
1824,1
1825,7
1826,9
1826,3
1826,2
1827,1
1828,1
1828,4
1828,5
1829,8
1829,6
1830,1
1830,14
1831,1
1832,12
1833,2
1833,3
1833,12
1834,1
1834,3
1834,2
1835,13
1835,7
1835,3
1836,3
1836,7
1837,2
1837,7
1838,1
1838,7
1838,2
1839,13
1840,13
1840,3
1841,1
1842,5
1842,13
1843,3
1843,1
1843,2
1844,2
1845,14
1845,1
1845,8
1846,10
1847,8
1848,3
1848,2
1848,6
1849,7
1850,2
1851,14
1851,10
1852,13
1852,7
1852,4
1853,2
1854,7
1855,9
1855,6
1856,2
1856,3
1856,7
1857,4
1857,7
1858,10
1859,4
1860,1
1860,3
1860,2
1861,7
1862,3
1863,6
1863,7
1863,3
1865,2
1865,7
1866,12
1867,8
1868,2
1868,14
1868,6
1869,1
1870,7
1871,10
1872,3
1872,1
1872,8
1873,10
1873,1
1874,10
1874,3
1874,11
1875,11
1875,3
1875,7
1876,2
1876,3
1877,13
1877,3
1877,6
1878,3
1878,5
1878,13
1879,2
1880,3
1880,5
1881,10
1881,2
1882,7
1882,4
1882,13
1883,7
1883,6
1883,2
1884,3
1885,2
1886,7
1886,5
1887,3
1888,2
1889,7
1889,13
1889,8
1890,3
1890,11
1891,6
1891,8
1891,10
1892,10
1892,6
1893,10
1894,4
1894,7
1894,2
1895,2
1895,3
1896,14
1896,2
1896,8
1897,7
1897,2
1898,10
1899,1
1900,6
1900,7
1901,8
1901,3
1901,7
1902,2
1902,7
1903,4
1903,1
1904,4
1905,7
1905,11
1906,3
1907,3
1907,5
1908,13
1908,3
1908,2
1909,7
1909,1
1910,6
1910,7
1911,1
1911,3
1911,10
1912,7
1912,2
1913,6
1913,2
1914,10
1914,7
1914,3
1915,13
1915,5
1916,2
1917,6
1918,7
1919,14
1920,2
1920,6
1921,10
1921,3
1922,7
1923,6
1923,8
1923,7
1924,2
1924,10
1925,12
1926,13
1927,2
1928,2
1929,13
1930,10
1932,1
1932,5
1932,13
1933,9
1934,6
1934,2
1935,3
1935,10
1935,13
1936,13
1937,3
1937,8
1937,7
1938,1
1938,3
1938,8
1939,10
1939,4
1940,7
1940,2
1941,7
1941,2
1942,12
1942,13
1943,7
1943,11
1944,4
1944,3
1945,4
1945,6
1945,3
1946,1
1946,3
1946,2
1947,7
1948,1
1948,8
1949,3
1949,1
1950,2
1950,13
1951,13
1951,7
1951,14
1952,1
1953,10
1954,2
1954,9
1954,7
1955,3
1955,7
1956,7
1956,1
1956,10
1957,7
1958,11
1958,7
1959,8
1959,7
1962,2
1962,5
1963,14
1964,6
1964,3
1964,1
1965,5
1965,12
1966,4
1967,7
1967,2
1967,8
1968,3
1968,13
1969,1
1969,2
1970,3
1970,7
1970,6
1971,7
1971,14
1972,3
1973,2
1973,7
1973,10
1974,7
1974,12
1974,1
1975,2
1976,7
1976,3
1976,2
1977,2
1977,12
1977,6
1978,7
1979,2
1980,1
1981,2
1981,7
1981,6
1982,5
1983,10
1984,2
1985,13
1985,10
1986,9
1986,1
1986,7
1987,4
1988,7
1988,3
1989,7
1989,2
1989,3
1990,2
1990,8
1991,2
1991,1
1992,2
1992,1
1993,7
1994,13
1995,7
1995,3
1995,2
1996,7
1996,2
1996,10
1997,2
1998,13
1998,7
1999,7
1999,2
1999,13
2000,13
2001,7
2001,13
2002,9
2002,1
2002,13
2003,1
2003,12
2003,2
2004,3
2004,9
2004,4
2005,7
2005,10
2005,8
2006,14
2006,7
2006,3
2007,6
2007,13
2007,3
2008,13
2009,7
2010,1
2010,6
2011,3
2011,2
2011,1
2012,13
2013,7
2013,11
2013,5
2014,6
2014,11
2015,6
2015,12
2016,2
2016,1
2016,7
2017,10
2017,6
2018,10
2018,7
2019,3
2019,6
2019,9
2020,6
2020,1
2021,7
2021,11
2021,3
2022,7
2022,3
2023,2
2024,2
2024,3
2025,3
2025,1
2025,6
2026,7
2027,7
2027,3
2028,8
2028,3
2029,14
2030,7
2031,11
2032,4
2032,1
2033,2
2033,13
2033,14
2034,7
2035,7
2036,14
2036,3
2037,1
2038,4
2038,7
2038,13
2039,10
2039,6
2040,3
2040,4
2040,14
2041,7
2041,6
2041,5
2042,1
2042,7
2043,3
2043,7
2044,14
2044,7
2045,10
2045,2
2045,4
2046,7
2046,13
2046,3
2047,9
2047,7
2048,3
2048,7
2048,10
2049,6
2049,4
2049,13
2050,3
2051,1
2051,2
2051,7
2052,2
2052,5
2052,3
2053,13
2054,11
2054,7
2054,8
2055,14
2056,2
2057,7
2058,1
2058,7
2059,6
2059,2
2059,4
2060,7
2060,13
2060,9
2061,14
2062,12
2062,2
2063,10
2063,6
2064,4
2064,3
2064,7
2065,10
2065,5
2066,4
2066,2
2067,2
2067,1
2067,10
2068,8
2068,13
2068,11
2069,14
2069,3
2069,13
2070,9
2070,3
2071,6
2071,13
2071,10
2072,6
2072,5
2072,1
2073,2
2074,7
2074,2
2075,1
2076,3
2076,2
2076,13
2077,7
2077,13
2077,2
2078,3
2078,2
2079,6
2079,4
2080,4
2080,12
2081,2
2082,6
2082,7
2082,3
2083,7
2083,11
2084,1
2084,13
2085,3
2085,4
2085,10
2086,11
2086,2
2086,7
2087,2
2088,5
2090,3
2091,2
2091,7
2091,6
2092,7
2092,3
2092,13
2093,5
2093,7
2093,2
2094,1
2095,13
2095,4
2096,3
2097,7
2097,4
2098,6
2098,13
2098,7
2099,2
2099,1
2100,2
2100,1
2101,12
2101,1
2101,3
2102,2
2102,5
2103,2
2103,6
2103,10
2104,13
2105,1
2105,3
2106,6
2106,10
2106,4
2107,7
2107,13
2107,6
2108,4
2108,2
2108,13
2109,7
2109,3
2110,4
2111,3
2111,6
2111,1
2112,4
2113,2
2113,3
2113,1
2114,11
2115,10
2115,2
2115,3
2116,2
2117,2
2118,14
2118,3
2119,7
2119,1
2120,7
2121,3
2121,6
2121,7
2122,13
2122,10
2122,7
2123,7
2123,6
2125,6
2125,2
2125,10
2126,7
2127,10
2127,1
2127,3
2128,10
2128,13
2128,6
2129,6
2129,7
2129,3
2130,2
2130,1
2130,7
2131,6
2131,5
2131,1
2132,7
2133,5
2134,3
2135,3
2135,2
2136,7
2137,2
2137,7
2138,3
2139,1
2139,10
2139,3
2140,3
2140,6
2140,10
2141,2
2141,7
2141,13
2142,7
2143,6
2144,2
2144,5
2144,7
2145,7
2145,6
2145,12
2146,1
2146,3
2146,7
2147,1
2148,3
2148,4
2148,9
2149,2
2149,9
2149,10
2150,7
2151,3
2152,3
2152,8
2152,2
2153,7
2153,12
2153,4
2154,1
2154,3
2155,6
2155,13
2155,2
2156,12
2156,6
2157,7
2157,2
2158,3
2158,2
2158,6
2159,7
2159,13
2159,11
2160,4
2161,2
2162,11
2162,7
2162,12
2163,2
2163,3
2163,6
2164,10
2164,6
2164,1
2165,7
2166,14
2167,10
2168,1
2169,3
2169,1
2170,7
2170,6
2170,2
2171,9
2171,3
2171,5
2172,3
2173,9
2173,13
2174,11
2174,3
2175,7
2176,3
2177,1
2177,2
2178,11
2178,7
2178,12
2179,11
2179,13
2180,9
2181,7
2182,3
2182,14
2183,5
2183,6
2183,7
2184,2
2184,9
2184,11
2185,2
2185,3
2185,7
2186,2
2187,13
2187,3
2188,2
2188,7
2189,7
2189,10
2189,14
2190,9
2191,6
2191,10
2192,3
2192,7
2192,13
2193,12
2194,2
2195,2
2195,6
2196,3
2196,7
2196,1
2197,14
2197,2
2197,5
2198,7
2198,2
2198,4
2200,11
2200,7
2200,2
2201,2
2201,13
2201,5
2202,10
2203,3
2203,10
2204,2
2204,3
2205,7
2205,13
2205,6
2206,4
2207,11
2207,7
2208,2
2208,3
2209,3
2209,9
2209,6
2210,7
2210,9
2210,12
2211,6
2212,8
2212,10
2213,2
2214,2
2214,12
2215,7
2216,3
2217,2
2217,1
2217,13
2218,3
2218,7
2218,4
2219,8
2219,10
2220,11
2221,9
2222,2
2223,3
2224,2
2225,2
2225,3
2226,3
2226,1
2227,1
2228,13
2228,2
2229,13
2230,4
2231,1
2231,13
2231,7
2232,2
2233,2
2233,4
2234,13
2235,7
2235,2
2235,3
2236,6
2237,5
2237,7
2237,2
2238,11
2238,8
2238,12
2239,4
2239,2
2239,7
2240,11
2241,2
2241,8
2242,11
2243,10
2243,3
2243,7
2244,11
2245,3
2246,10
2247,7
2247,11
2247,1
2248,3
2249,13
2249,6
2250,3
2250,7
2251,7
2251,10
2252,13
2253,3
2253,6
2254,6
2255,2
2255,6
2256,2
2256,6
2257,1
2257,13
2258,4
2259,7
2259,13
2259,1
2260,7
2260,6
2260,4
2261,5
2262,6
2262,11
2262,14
2263,2
2264,7
2265,7
2265,2
2265,6
2266,3
2266,11
2267,2
2267,7
2267,8
2268,1
2269,3
2270,6
2270,2
2270,10
2271,7
2271,2
2272,7
2272,3
2272,2
2273,8
2273,3
2273,1
2274,3
2275,2
2276,7
2276,1
2277,10
2277,7
2277,6
2278,8
2278,7
2278,6
2279,3
2280,1
2281,3
2281,7
2281,13
2282,4
2283,7
2283,4
2284,1
2284,2
2284,13
2285,2
2285,3
2286,10
2286,2
2286,13
2287,3
2288,13
2288,2
2288,7
2289,1
2289,7
2290,7
2290,2
2291,3
2291,7
2291,8
2292,6
2292,2
2292,1
2293,2
2294,7
2295,7
2296,7
2296,2
2296,13
2297,12
2298,11
2298,14
2298,3
2299,7
2299,13
2299,6
2300,2
2301,2
2301,13
2301,3
2302,2
2303,6
2303,13
2304,14
2304,2
2304,6
2305,7
2305,1
2305,3
2306,2
2306,7
2307,2
2308,6
2308,7
2309,7
2309,10
2309,5
2310,10
2310,6
2311,13
2311,1
2311,4
2312,1
2312,2
2312,3
2313,7
2313,8
2314,12
2315,3
2316,3
2316,13
2317,1
2317,3
2318,7
2318,1
2319,1
2319,2
2319,6
2320,2
2320,3
2320,9
2321,3
2321,9
2322,3
2322,7
2323,6
2324,7
2324,10
2325,2
2325,6
2326,3
2326,10
2326,11
2327,1
2328,4
2328,7
2329,2
2329,12
2331,7
2331,2
2332,7
2333,2
2333,7
2333,1
2334,7
2334,5
2334,4
2335,2
2336,2
2337,13
2338,2
2338,7
2338,4
2339,8
2339,7
2339,13
2340,13
2340,7
2340,1
2341,1
2342,11
2342,13
2342,4
2343,5
2344,4
2345,5
2345,2
2345,6
2346,13
2346,2
2346,10
2347,9
2347,7
2347,2
2348,7
2349,2
2349,8
2350,14
2351,8
2352,7
2352,1
2353,3
2353,2
2354,7
2355,2
2356,10
2357,6
2357,11
2357,8
2358,1
2358,2
2358,3
2359,3
2359,6
2360,7
2361,2
2362,10
2362,6
2362,3
2363,10
2363,1
2364,7
2364,13
2365,6
2366,7
2366,6
2367,3
2367,6
2367,11
2368,7
2369,2
2369,8
2370,7
2370,1
2371,10
2371,13
2372,12
2373,7
2373,10
2373,13
2374,1
2375,3
2375,5
2376,9
2376,7
2376,2
2377,1
2377,3
2377,2
2378,1
2379,13
2379,6
2379,3
2380,1
2380,6
2381,7
2382,11
2382,2
2382,7
2383,3
2384,1
2384,3
2385,2
2385,3
2385,7
2386,7
2386,2
2386,1
2387,1
2387,3
2388,12
2388,14
2388,7
2389,2
2390,4
2390,7
2390,1
2391,13
2391,1
2391,10
2392,2
2392,7
2392,3
2393,12
2393,5
2394,7
2394,3
2394,6
2395,4
2396,6
2396,2
2397,8
2397,6
2397,7
2398,2
2398,1
2399,2
2399,1
2400,2
2401,7
2401,1
2401,10
2402,6
2402,7
2402,3
2403,13
2403,2
2404,7
2404,9
2406,6
2406,4
2406,1
2407,1
2408,14
2408,7
2409,2
2409,4
2410,12
2411,13
2411,10
2412,7
2413,3
2413,6
2413,1
2414,2
2414,10
2414,3
2415,7
2415,6
2416,11
2416,1
2416,2
2417,7
2417,6
2417,3
2418,1
2418,7
2419,13
2419,2
2420,3
2421,6
2421,1
2421,7
2422,3
2423,7
2423,10
2423,3
2424,7
2424,1
2424,5
2425,6
2425,8
2426,2
2427,13
2427,10
2428,2
2429,2
2429,1
2430,2
2431,1
2431,4
2432,3
2432,12
2433,2
2434,2
2435,3
2435,13
2435,7
2436,10
2436,4
2437,7
2437,4
2437,6
2438,1
2440,9
2440,2
2440,10
2441,13
2441,2
2441,3
2442,12
2442,1
2443,8
2443,7
2444,7
2444,10
2444,12
2445,6
2445,10
2445,5
2446,9
2446,1
2447,10
2447,13
2448,2
2448,3
2448,7
2449,3
2449,4
2449,2
2450,9
2450,3
2451,7
2451,1
2452,2
2452,6
2453,4
2454,2
2454,14
2455,3
2455,5
2455,7
2456,6
2457,3
2458,2
2458,3
2458,4
2459,7
2460,7
2460,13
2461,1
2461,9
2462,5
2462,7
2463,7
2463,2
2464,7
2465,8
2465,9
2466,13
2466,6
2466,7
2467,12
2467,4
2468,7
2468,6
2468,1
2469,7
2469,1
2470,7
2471,11
2472,7
2472,6
2472,2
2473,7
2474,3
2475,4
2475,6
2475,13
2476,2
2476,13
2476,3
2477,12
2477,2
2479,6
2479,10
2480,3
2480,1
2480,11
2481,7
2481,1
2482,7
2483,7
2484,11
2484,3
2485,11
2485,8
2485,7
2486,3
2487,7
2488,13
2488,6
2488,2
2489,2
2490,7
2490,9
2490,2
2491,7
2492,6
2493,10
2493,2
2493,4
2494,1
2495,12
2496,6
2496,1
2496,13
2497,13
2497,10
2497,3
2498,7
2498,3
2498,10
2499,3
2500,4
2500,3
2500,7
