EncuestaID,SnackID
1,1
1,2
1,3
2,4
2,5
3,4
3,6
3,7
4,6
4,5
5,3
5,1
6,5
7,4
8,2
8,3
8,6
9,3
10,8
10,6
10,9
11,9
12,1
13,1
13,9
13,3
14,7
15,8
15,5
15,4
16,4
16,1
17,2
17,9
17,1
18,10
18,5
19,5
19,8
20,2
20,10
20,1
21,4
21,1
21,6
22,6
22,7
23,1
24,10
24,4
25,1
25,10
26,4
26,1
27,4
28,8
29,9
30,1
30,10
31,6
31,5
32,7
32,6
32,9
33,10
33,5
33,3
34,5
35,6
36,3
36,4
37,4
37,10
37,6
38,1
38,8
39,4
39,3
39,1
40,6
40,4
40,1
41,10
42,2
42,3
43,8
44,8
45,5
45,10
45,3
46,2
46,6
46,1
47,6
47,9
48,5
49,5
50,4
50,6
51,10
51,6
51,9
52,1
53,1
53,5
53,9
54,5
54,9
55,7
56,10
57,4
57,10
57,9
58,5
58,4
58,9
59,2
60,5
61,5
62,2
63,7
63,4
64,9
64,1
64,5
65,10
65,4
66,9
67,10
67,7
67,1
68,4
68,9
69,1
70,1
70,6
71,1
72,4
72,7
73,4
73,2
74,6
75,3
75,1
75,10
76,5
77,3
77,5
77,4
78,5
78,10
79,3
80,9
80,5
81,1
81,6
82,3
82,9
83,9
83,5
83,1
84,7
84,10
84,5
85,10
85,6
85,1
86,9
86,2
87,4
87,6
87,5
88,5
88,6
89,5
89,6
90,3
90,6
90,2
91,7
91,6
92,5
93,7
93,9
93,3
94,6
95,6
95,5
96,8
97,7
97,5
97,3
98,9
98,10
99,1
100,10
101,7
101,10
101,6
102,1
102,6
103,6
104,3
105,4
105,3
105,5
106,5
107,8
108,9
109,9
109,4
109,10
110,2
110,6
110,7
111,4
111,5
111,2
112,6
113,9
114,3
114,10
114,5
115,9
115,1
116,9
116,5
116,4
117,10
117,6
117,5
118,1
119,10
119,1
120,4
120,1
120,10
121,5
122,6
122,7
123,10
123,9
124,6
124,10
124,7
125,6
126,3
127,1
127,7
127,6
128,5
128,1
128,9
129,7
129,5
129,10
130,3
131,10
132,10
132,3
132,9
133,5
133,10
133,6
134,9
134,10
135,3
135,2
136,10
136,2
136,1
137,9
138,2
139,9
140,5
140,10
141,10
141,6
142,1
142,4
142,8
143,6
144,5
145,4
146,4
146,2
147,7
148,3
148,7
148,10
149,9
149,6
150,6
151,3
151,6
152,2
152,9
152,8
153,5
154,5
154,9
155,10
155,1
156,5
156,10
156,1
157,5
158,6
158,8
159,6
160,2
160,3
161,1
162,8
163,1
163,4
163,10
164,9
164,7
164,10
165,9
165,10
166,5
166,10
166,1
167,10
167,9
167,5
168,9
168,1
168,5
169,2
169,3
170,2
171,6
171,4
172,3
173,6
173,10
173,9
174,1
175,10
176,2
177,4
177,9
177,5
178,9
179,9
180,2
180,7
181,2
181,8
181,4
182,10
182,4
183,5
184,3
184,7
184,5
185,6
186,6
186,2
186,10
187,9
187,2
188,4
188,6
188,5
189,3
190,4
190,6
190,10
191,3
192,6
192,5
193,10
193,7
193,1
194,6
194,9
194,3
195,2
196,4
196,10
197,4
198,10
199,6
199,8
199,2
200,9
200,5
200,3
201,1
201,5
202,8
203,10
203,5
203,6
204,2
204,6
204,3
205,1
205,9
206,8
206,4
206,5
207,5
207,6
207,2
208,10
208,6
208,7
209,5
210,4
210,10
210,6
211,10
212,8
212,3
212,9
213,9
214,9
215,7
215,4
216,4
216,6
216,2
217,5
217,9
218,9
219,6
220,5
221,10
221,1
222,7
222,10
223,9
224,6
224,10
225,10
225,6
225,1
226,9
226,1
226,3
227,6
228,5
229,8
230,2
230,9
231,8
231,2
231,9
232,8
232,5
233,2
233,10
234,8
234,2
235,6
235,9
236,8
237,10
237,4
238,6
238,10
238,8
239,5
239,10
240,5
240,1
240,10
241,3
241,7
242,9
242,10
242,8
243,4
243,10
244,1
244,6
245,5
245,8
245,4
246,4
247,2
247,7
248,7
249,8
250,1
251,10
251,1
251,9
252,7
252,5
253,2
253,6
254,9
254,10
254,8
255,9
255,6
256,5
256,8
257,6
257,3
257,1
258,10
258,3
259,6
259,10
259,4
260,1
261,4
261,9
262,6
262,2
262,10
263,5
263,10
263,8
264,10
264,9
264,4
265,9
265,2
265,3
266,3
266,10
266,9
267,4
267,9
267,1
268,1
269,5
269,8
270,8
270,3
271,4
272,6
272,4
273,3
273,1
273,10
274,1
274,5
274,10
275,9
275,5
275,3
276,3
276,5
276,2
277,5
277,4
277,6
278,7
278,9
279,3
279,10
280,1
280,5
280,10
281,2
281,3
281,4
282,6
282,8
282,2
283,2
284,2
284,7
284,10
285,5
286,5
286,6
286,9
287,2
287,6
287,9
288,5
288,2
289,10
290,6
290,3
290,5
291,2
291,5
1595,1
1595,4
293,6
293,9
293,4
294,2
294,5
295,6
296,6
296,9
297,1
297,5
297,8
298,3
298,2
298,4
299,3
299,10
299,4
300,3
301,4
301,2
302,1
302,2
302,3
303,7
303,10
303,1
304,2
304,3
305,4
305,9
306,10
306,5
306,2
307,6
307,8
308,10
308,4
308,6
309,1
309,3
309,8
310,6
311,2
311,1
312,4
312,3
313,9
313,1
313,5
314,3
314,2
314,6
315,1
315,6
315,5
316,7
316,6
316,10
317,3
317,4
318,10
319,9
320,3
320,9
320,4
321,1
322,8
322,6
323,2
323,3
324,9
325,2
325,1
325,8
326,8
326,10
326,3
327,4
328,10
328,6
328,4
329,8
329,6
330,5
330,1
330,2
331,10
331,3
331,9
332,1
332,10
332,9
333,10
334,2
334,4
335,4
335,9
335,3
336,5
337,6
338,6
339,1
339,5
339,2
340,9
341,10
341,9
342,1
343,7
343,5
344,1
345,9
345,3
346,2
346,10
346,7
347,10
347,5
347,6
348,6
1960,1
1960,9
1960,8
350,3
350,9
350,1
351,6
351,4
352,10
352,1
353,4
353,1
354,10
354,9
354,3
355,4
355,1
356,2
356,7
356,6
357,9
358,3
358,1
358,10
359,6
359,5
360,4
360,5
360,3
361,6
362,10
362,6
363,9
364,6
364,10
365,4
365,8
365,3
366,1
366,5
367,6
367,9
367,7
368,1
369,8
370,5
371,6
371,4
372,4
372,8
372,5
373,4
373,9
373,1
374,1
374,9
375,1
375,10
375,9
376,4
376,10
377,2
377,10
377,7
378,8
378,5
379,1
380,6
381,10
381,3
381,9
382,6
383,4
384,2
385,5
385,6
385,2
386,9
386,7
386,5
387,10
387,1
387,5
388,4
389,3
389,9
389,4
390,10
390,5
390,6
391,9
392,9
392,7
392,10
393,5
393,6
393,8
394,6
394,9
395,5
395,9
395,8
396,4
396,1
397,7
397,9
398,7
398,1
399,9
400,5
401,7
401,10
401,6
402,6
402,1
403,5
403,10
404,9
405,9
405,1
406,4
406,1
406,6
407,6
408,9
409,1
410,8
411,10
411,5
412,10
412,1
412,6
413,4
413,9
413,3
414,8
415,9
416,10
416,3
416,6
417,9
417,7
418,1
420,6
421,9
421,8
422,9
423,5
423,3
424,4
424,5
424,3
425,5
426,6
426,9
427,5
427,10
428,9
428,10
429,5
430,3
430,2
430,10
431,5
431,10
431,1
432,2
433,5
434,8
434,9
435,7
435,6
436,6
436,10
437,5
437,8
438,3
439,9
440,9
440,3
441,5
441,6
442,8
442,9
442,3
443,8
443,5
443,9
444,1
445,5
445,9
446,5
447,5
447,9
448,10
449,1
449,6
1193,10
1193,3
451,9
451,7
451,5
452,1
453,5
453,9
453,6
454,2
454,4
455,10
456,1
456,3
456,5
457,5
457,2
458,4
459,7
459,10
459,9
460,1
461,10
461,9
462,10
462,9
462,5
463,4
1049,4
1049,3
465,4
465,10
465,5
466,6
466,5
466,9
467,9
467,6
468,10
468,8
469,7
469,5
469,1
470,4
470,3
470,2
471,10
471,4
472,2
473,6
2439,5
2439,2
475,1
476,9
476,6
476,5
477,1
478,1
478,8
479,4
479,6
479,10
480,3
480,4
480,9
481,6
481,5
482,4
482,3
483,6
483,5
483,7
484,5
484,2
484,10
485,9
485,1
486,9
486,3
486,4
487,5
487,10
487,4
488,1
488,10
489,8
489,3
490,3
490,4
490,1
491,7
491,6
492,1
492,5
493,6
494,10
494,5
494,1
495,4
495,10
496,1
496,9
497,10
498,3
498,10
498,9
499,4
499,2
500,4
500,3
500,1
501,7
502,5
503,9
503,10
504,10
504,6
504,1
505,7
506,9
506,3
506,1
507,2
507,3
507,10
508,1
508,2
509,4
509,9
510,10
510,3
510,2
511,2
512,1
512,8
512,7
513,5
513,6
514,2
514,6
515,5
515,2
515,3
516,4
516,5
516,2
517,7
518,8
518,2
518,5
519,5
519,4
519,6
520,5
521,10
522,2
522,8
522,10
523,3
523,5
523,6
524,8
524,5
525,1
525,2
525,6
526,1
526,9
527,2
527,1
528,9
529,1
529,5
530,1
531,2
531,10
531,6
532,9
532,3
533,9
534,7
535,5
536,6
536,5
537,10
537,1
537,3
538,1
539,1
539,8
540,5
540,8
541,2
542,7
543,7
543,2
543,4
544,5
545,10
545,3
546,5
547,10
547,6
547,9
548,4
548,5
549,1
549,10
550,5
550,10
550,6
551,5
551,6
551,4
552,4
553,10
553,6
553,5
554,1
554,10
554,2
555,5
556,1
556,5
556,10
557,7
557,4
557,5
558,9
559,4
560,4
560,2
561,10
561,3
561,1
562,10
562,3
563,6
563,4
563,5
564,1
564,8
565,5
566,5
566,4
566,10
567,8
568,5
568,6
568,10
569,5
570,7
570,10
571,2
572,3
573,6
574,1
574,7
575,8
575,7
576,3
576,8
577,5
577,6
577,8
578,1
579,10
579,8
580,4
580,2
580,1
581,9
581,4
582,1
583,3
583,9
584,4
584,2
584,9
585,9
586,6
586,5
587,10
587,5
588,3
589,2
590,5
590,3
591,7
591,4
592,4
593,9
593,4
593,3
594,1
594,4
595,3
595,4
595,2
596,6
596,10
596,1
597,1
598,1
598,10
599,9
599,10
599,8
600,6
600,9
600,3
601,7
602,8
603,3
604,1
604,6
604,5
605,5
605,3
605,1
606,2
606,1
607,6
607,10
608,5
608,10
608,6
609,3
1416,1
1416,10
1416,7
611,6
612,2
613,8
613,9
613,2
614,4
614,3
614,5
615,5
615,7
1472,10
1472,3
617,10
617,5
618,5
618,6
618,10
619,6
619,5
620,2
621,10
622,1
623,8
623,5
623,6
624,9
624,3
625,9
625,10
625,1
626,9
626,7
626,3
627,6
628,10
629,3
630,1
630,5
630,8
631,8
631,4
631,9
632,4
633,5
634,10
634,2
634,6
635,10
635,3
635,2
636,5
637,9
637,10
637,1
638,5
638,9
639,5
639,7
639,3
640,10
641,6
641,9
641,10
642,8
642,2
643,3
644,6
644,4
645,1
646,2
646,3
647,6
647,1
648,3
649,9
649,5
649,10
650,10
651,1
652,1
652,4
652,9
653,6
654,4
654,9
655,2
655,4
656,5
656,2
656,4
657,5
657,4
658,1
658,5
658,2
659,7
660,4
660,9
660,1
661,3
661,6
662,6
662,2
662,5
663,9
664,1
664,10
664,6
665,9
665,4
666,1
666,9
667,2
667,10
667,5
668,4
669,8
669,4
670,1
670,10
670,7
671,1
672,5
672,3
672,2
673,6
674,9
674,2
675,1
676,6
676,3
677,3
678,6
678,10
679,5
680,4
681,10
681,9
681,5
682,6
683,1
683,3
683,10
684,10
684,7
684,2
685,1
685,10
686,2
686,5
687,9
688,5
688,8
689,4
1961,3
1961,6
691,2
691,9
692,5
693,1
693,10
694,10
695,4
695,10
695,9
696,10
697,1
698,1
699,9
699,7
700,9
700,2
701,5
702,2
702,4
702,10
703,10
704,2
704,9
705,3
705,9
705,6
706,9
707,3
707,5
707,7
708,5
708,8
708,1
709,5
709,2
710,2
710,1
710,10
711,1
711,8
712,10
712,4
713,4
713,10
713,5
714,6
715,10
716,3
717,4
718,2
718,5
719,1
719,6
720,10
721,10
721,5
722,1
722,4
722,9
723,10
723,1
724,10
724,2
724,1
725,10
725,4
726,4
726,5
726,9
727,1
727,9
727,10
728,3
728,5
729,6
729,9
729,3
730,6
730,3
730,9
731,3
731,5
732,5
733,1
733,10
734,10
734,5
734,8
735,8
735,9
735,10
736,5
736,9
736,3
737,9
737,4
737,1
738,4
738,9
738,3
739,4
740,2
740,8
740,9
741,9
741,5
741,1
742,9
742,10
743,1
744,5
744,4
744,3
745,10
745,9
745,5
746,10
746,2
746,1
747,9
748,10
748,6
749,6
749,9
749,10
750,10
750,5
751,5
751,9
752,2
752,5
753,5
753,9
754,2
754,5
755,5
755,9
755,10
756,5
757,9
757,6
757,4
758,4
758,9
759,5
759,9
759,1
760,2
760,1
760,10
761,9
762,9
762,5
762,2
763,1
763,9
763,4
764,6
764,8
765,6
766,7
767,2
767,9
768,3
769,4
769,1
769,9
770,9
770,2
770,10
771,2
771,6
771,10
772,10
773,9
774,10
774,9
774,3
775,10
776,1
776,6
776,5
777,5
778,1
778,10
779,1
779,5
779,4
780,2
780,6
780,1
781,4
781,2
782,10
783,1
783,2
784,8
784,6
785,7
786,5
786,9
786,6
787,7
788,9
788,10
788,8
789,10
789,4
789,1
790,9
790,1
791,10
791,8
792,9
792,6
793,7
793,3
793,6
794,6
794,9
795,2
796,10
797,9
798,9
798,6
799,3
800,6
800,9
801,5
801,10
801,3
802,10
802,7
802,5
803,8
803,10
804,5
805,10
806,6
806,4
806,10
807,1
807,9
807,3
808,1
809,4
809,8
810,5
810,2
811,3
811,9
812,4
812,3
812,1
813,5
813,4
814,6
814,4
814,1
815,4
816,5
816,10
817,8
817,6
817,1
818,4
818,10
818,6
819,6
819,5
819,3
820,10
821,6
822,2
822,5
822,6
823,10
824,3
825,7
826,9
827,8
827,4
828,2
828,10
828,1
829,3
830,4
830,7
830,6
831,9
831,7
832,1
832,7
833,6
833,5
833,10
834,10
834,4
834,2
835,1
835,6
836,4
836,9
837,6
837,8
837,9
838,8
838,10
839,4
839,9
839,10
840,4
840,6
840,9
841,1
841,10
841,2
842,5
843,2
844,10
844,1
845,4
845,6
846,10
847,10
848,5
848,10
849,9
850,1
850,5
850,2
851,10
851,1
852,6
852,4
852,10
853,3
853,1
853,2
854,5
854,10
855,1
856,3
856,9
856,10
857,5
857,6
857,10
858,10
858,1
859,3
860,5
861,3
861,2
861,5
862,10
862,7
863,10
863,2
863,9
864,5
864,6
864,10
865,8
866,2
867,4
867,9
867,5
868,1
869,6
869,9
869,7
870,10
870,8
871,7
872,10
872,9
873,10
873,3
874,9
874,1
874,5
875,1
875,9
875,6
876,6
876,1
877,9
877,7
877,10
878,10
878,3
879,4
879,10
880,10
881,6
881,5
882,2
882,9
882,6
883,7
883,6
884,9
884,3
884,1
885,6
886,2
886,4
888,6
888,10
888,9
889,5
890,8
890,6
890,7
891,3
891,5
891,1
892,10
892,1
893,2
893,1
893,8
894,6
894,9
895,9
895,10
895,5
896,9
896,3
897,5
897,9
897,10
898,10
898,5
898,3
899,10
899,1
899,8
900,6
900,8
901,8
901,5
901,2
902,5
902,4
903,10
904,9
905,1
906,4
907,2
907,9
908,1
908,10
908,9
909,10
910,6
911,6
911,3
912,2
912,10
913,6
913,10
914,1
914,6
915,6
916,7
917,10
918,1
918,2
918,6
919,8
920,3
921,8
921,10
922,1
923,9
924,5
924,7
925,3
926,9
926,2
926,5
927,4
927,10
927,9
928,2
928,5
929,3
929,5
929,10
930,1
930,5
931,2
931,1
932,2
932,10
933,7
933,1
933,6
934,1
934,10
935,6
936,7
936,1
936,6
937,7
939,10
939,4
940,3
940,10
941,4
942,2
942,7
943,9
944,1
945,1
945,5
945,9
946,6
947,5
947,6
948,4
948,6
948,1
949,5
949,8
949,2
950,10
951,1
952,9
952,5
953,4
953,2
954,6
955,9
956,9
957,6
958,7
959,7
959,8
960,6
960,7
961,5
961,10
961,6
962,6
963,6
963,2
964,1
964,8
964,9
965,6
965,7
965,10
966,6
967,2
967,5
967,8
968,6
968,8
968,10
969,3
969,10
969,7
970,2
970,6
971,1
971,6
971,3
972,9
972,6
972,5
973,4
973,1
973,9
974,3
975,1
976,5
977,10
977,7
978,10
978,9
979,10
980,5
980,3
981,6
981,5
981,8
982,6
982,10
982,3
983,6
984,4
985,5
986,3
986,10
986,5
987,7
987,10
988,6
988,10
989,10
990,4
991,9
991,8
991,3
992,4
993,9
994,5
994,4
994,2
995,5
996,4
996,10
996,6
997,1
997,9
997,8
998,9
999,9
999,8
1000,9
1001,9
1002,5
1003,2
1004,5
1004,9
1004,10
1005,6
1005,5
1006,10
1006,9
1006,5
1007,8
1007,5
1007,1
1008,10
1008,1
1008,9
1009,2
1009,5
1009,10
1010,3
1011,2
1011,3
1011,10
1012,9
1012,6
1013,10
1014,1
1015,6
1015,1
1015,10
1016,3
1017,6
1017,1
1017,5
1018,3
1019,8
1019,10
1020,2
1020,10
1021,5
1021,9
1022,6
1022,7
1023,3
1024,2
1024,10
1024,6
1025,5
1025,3
1026,3
1026,10
1026,5
1027,5
1027,8
1028,1
1028,9
1029,5
1029,10
1029,3
1030,1
1030,3
1031,9
1032,10
1032,9
1033,4
1033,10
1034,8
1035,6
1035,5
1036,2
1036,10
1037,4
1037,10
1037,9
1038,10
1039,4
1039,2
1040,6
1040,2
1041,10
1041,8
1042,9
1042,4
1043,5
1044,9
1044,2
1045,4
1045,9
1045,2
1046,10
1046,4
1046,9
1047,7
1047,8
1048,1
1048,8
1048,9
1050,6
1050,10
1051,8
1051,3
1052,10
1052,9
1052,6
1053,9
1054,2
1055,6
1055,9
1056,6
1056,9
1057,9
1057,2
1057,3
1058,6
1058,1
1058,3
1059,1
1059,9
1059,3
1060,2
1061,2
1062,8
1063,6
1063,3
1064,1
1064,10
1064,6
1065,1
1066,9
1066,4
1066,10
1067,1
1067,6
1068,2
1069,1
1070,9
1070,2
1070,10
1071,2
1071,9
1072,7
1072,9
1073,6
1073,2
1074,8
1075,8
1075,5
1075,10
1076,3
1076,5
1076,4
1077,10
1078,2
1078,5
1079,4
1079,10
1079,2
1080,6
1080,1
1080,10
1081,5
1082,10
1082,8
1082,4
1083,5
1083,8
1084,6
1085,2
1085,1
1085,5
1086,4
1086,3
1086,9
1087,3
1087,2
1087,5
1088,6
1088,4
1088,8
1089,5
1089,6
1089,7
2124,9
2124,3
2124,6
1091,10
1092,9
1092,7
1092,5
1093,8
1094,10
1094,6
1095,5
1096,4
1097,8
1098,9
1099,5
1099,3
1099,1
1100,10
1100,6
1101,1
1101,5
1101,4
1102,9
1103,10
1104,9
1104,10
1104,1
1105,2
1106,2
1106,10
1107,10
2199,5
1109,5
1110,9
1111,9
1111,5
1111,1
1112,5
1112,1
1112,6
1113,4
1113,8
1113,2
1114,3
1114,2
1114,9
1115,2
1115,10
1115,1
1117,9
1117,3
1118,5
1118,3
1118,9
1119,6
1120,10
1120,8
1121,1
1121,2
1121,6
1122,5
1122,1
1122,9
1123,1
1123,5
1124,9
1124,5
1124,6
1125,4
1125,2
1125,6
1126,2
1126,6
1127,3
1129,10
1129,9
1130,2
1131,6
1132,8
1132,1
1133,1
1134,1
1134,9
1135,1
1135,10
1136,5
1136,6
1136,9
1137,5
1137,6
1138,9
1138,5
1138,7
1139,10
1139,1
1139,8
1140,10
1140,2
1140,4
1141,1
1141,9
1142,4
1142,1
1143,3
1144,8
1144,2
1145,10
1145,9
1145,3
1146,7
1146,5
1147,2
1147,5
1147,9
1148,1
1149,1
1150,1
1150,10
1150,9
1151,5
1151,3
1151,9
1152,5
1152,4
1153,7
1153,9
1154,9
1155,7
1155,1
1155,5
1156,4
1157,8
1158,3
1158,6
1158,10
1159,2
1159,10
1159,7
1160,5
1160,3
1160,8
1161,9
1161,7
1161,2
1162,4
1162,6
1162,5
1163,10
1164,10
1165,1
1165,3
1166,1
1166,10
1167,10
1168,6
1168,4
1169,1
1169,5
1169,4
1170,9
1171,9
1172,1
1172,9
1173,8
1174,10
1174,2
1174,3
1175,8
1175,5
1176,7
1177,5
1177,1
1177,10
1178,8
1178,10
1178,3
1179,8
1180,6
1181,9
1181,4
1182,5
1182,8
1183,9
1184,5
1185,9
1185,6
1186,10
1186,9
1186,5
1187,3
1187,8
1187,7
1481,5
1189,6
1189,4
1190,9
1191,1
1192,5
1194,10
1195,9
1196,2
1197,1
1197,9
1198,10
1198,1
1199,3
1199,2
1199,5
1200,7
1200,4
1200,3
1201,2
1201,6
1201,8
1202,6
1202,2
1202,10
1203,1
1203,6
1204,10
1204,6
1205,10
1205,8
1206,3
1207,10
1208,9
1209,3
1209,6
1209,7
1210,9
1210,6
1210,5
1211,9
1211,1
1212,4
1212,5
1213,4
1214,9
1215,1
1215,9
1216,5
1217,7
1217,5
1217,6
1218,6
1219,10
1219,3
1220,1
1221,10
1221,5
1221,1
1222,8
1223,4
1223,5
1223,2
1224,2
1225,1
1226,5
1226,9
1226,6
1227,10
1228,3
1229,3
1229,1
1229,5
1230,5
1230,8
1231,4
1232,8
1233,6
1233,3
1234,7
1234,8
1234,9
1235,8
1236,9
1236,2
1236,1
1237,5
1237,10
1238,3
1239,2
1240,4
1240,5
1240,10
1241,10
1241,8
1242,9
1242,5
1243,1
1243,2
1244,1
1244,9
1245,9
1245,4
1246,8
1247,6
1247,2
1247,5
1248,10
1248,4
1248,6
1249,9
1250,2
1250,10
1251,1
1252,7
1252,9
1253,9
1253,1
1254,5
1254,10
1254,6
1255,2
1255,5
1255,1
1256,6
1256,10
1257,6
1258,8
1258,1
1258,5
1259,4
1259,5
1259,1
1260,6
1260,8
1261,10
1262,6
1262,10
1263,5
1263,6
1263,4
1264,4
1264,1
1265,1
1265,10
1265,7
1266,2
1266,3
1266,10
1267,1
1267,2
1267,9
1268,6
1268,5
1268,2
1269,9
1269,6
1269,10
1270,3
1270,1
1271,3
1864,7
1273,10
1273,2
1273,5
1274,2
1275,9
1275,10
1275,3
1276,4
1276,3
1276,10
1277,2
1277,1
1278,2
1279,10
1279,8
1279,6
1280,4
1280,6
1280,5
1281,10
1281,2
1281,9
1282,3
1283,9
1283,8
1283,10
1284,10
1285,1
1285,3
1285,10
1286,2
1286,9
1286,8
1287,2
1288,10
1288,5
1289,7
1289,6
1289,10
1290,6
1291,5
1291,3
1291,4
1292,10
1292,1
1292,6
1293,5
1293,1
1294,1
1295,6
1296,5
1297,10
1297,3
1297,5
1298,6
1299,4
1299,3
1300,5
1300,2
1301,4
1301,9
1301,8
1302,1
1303,5
1303,4
1304,2
1305,5
1306,3
1307,6
1307,1
1307,10
1308,5
1308,1
1309,5
1309,6
1309,3
1310,3
1311,10
1311,6
1311,4
1312,2
1313,6
1313,1
1313,2
1314,10
1314,4
1314,9
1315,4
1316,2
1317,6
1317,2
1318,6
1318,1
2405,1
2405,10
2405,7
1320,4
1320,5
1321,5
1322,6
1322,7
1322,2
1323,1
1323,9
1324,6
1325,10
1326,9
1326,7
1326,5
1327,9
1328,10
1328,8
1329,3
1330,8
1331,6
1331,9
1332,5
1332,2
1333,8
1334,9
1335,8
1335,6
1335,9
1336,9
1337,5
1337,4
1337,9
1339,10
1339,1
1340,9
1340,4
1341,9
1341,8
1342,10
1343,3
1343,4
1343,2
1344,9
1344,10
1345,9
1346,9
1346,10
1347,6
1347,5
1348,5
1349,9
1349,5
1350,4
1351,1
1351,10
1351,3
1352,3
1353,2
1354,1
1355,5
1355,10
1355,9
1356,2
1356,9
1356,6
1357,8
1357,10
1357,1
1358,8
1358,5
1358,9
1359,9
1359,2
1360,6
1360,4
1360,3
1361,3
1362,1
1362,3
1363,7
1364,5
1364,6
1364,1
1365,7
1366,3
1367,9
1368,5
1368,8
1369,8
1370,3
1370,9
1371,9
1371,2
1372,5
1372,6
1372,3
1373,10
1373,4
1373,6
1374,10
1374,2
1374,5
1375,4
1375,7
1375,9
1376,2
1376,9
1376,7
1377,9
1378,3
1379,8
1379,9
1380,7
1381,9
1381,1
1381,5
1382,6
1382,7
1382,9
1383,10
1384,5
1384,3
1384,9
1385,5
1386,9
1386,6
1387,6
1388,5
1389,4
1389,3
1390,10
1390,3
1390,9
1391,4
1391,10
1392,8
1392,1
1393,4
1394,10
1394,9
1394,1
1395,3
1396,2
1396,6
1396,9
1397,7
1397,5
1398,2
1399,3
1399,4
1400,5
1401,9
1401,8
1402,2
1402,1
1402,6
1403,1
1404,5
1405,4
1405,10
1406,5
1407,9
1407,7
1408,7
1408,8
1408,9
1409,8
1410,9
1410,8
1411,10
1411,9
1412,10
1413,10
1414,6
1414,1
1415,5
1415,10
1415,3
1417,1
1417,10
1418,3
1418,4
1418,7
1419,1
1419,10
1419,9
1420,10
1420,9
1421,9
1421,5
1421,10
1422,1
1422,2
2478,1
1424,6
1424,3
1425,9
1425,8
1426,10
1426,1
1427,1
1427,7
1427,5
1428,6
1428,2
1429,6
1429,9
1429,8
1430,2
1431,9
1431,1
1432,10
1432,5
1432,3
1433,4
1433,2
1433,6
1434,4
1435,4
1436,3
1436,5
1437,1
1437,7
1437,2
1438,6
1438,5
1439,10
1440,5
1440,3
1441,6
1441,8
1442,8
1442,2
1442,3
1443,4
1443,3
1443,1
1444,1
1444,4
1445,5
1446,1
1446,3
1447,7
1448,6
1448,5
1448,2
1449,9
1450,2
1450,9
1451,3
1452,6
1452,1
1453,4
1453,10
1453,8
1454,7
1454,5
1454,3
1455,3
1455,5
1456,5
1456,1
1456,10
1457,9
1457,10
1457,4
1458,10
1460,3
1460,10
1461,3
1462,1
1463,2
1463,10
1464,9
1464,1
1464,5
1465,1
1465,10
1465,8
1466,9
1466,3
1466,8
1467,8
1467,4
1468,10
1469,3
1470,5
1470,9
1470,10
1471,10
1471,6
1471,1
1473,6
1473,10
1474,4
1474,3
1474,1
1475,6
1476,2
1476,10
1477,10
1477,3
1478,10
1478,1
1478,4
1479,1
1480,5
1482,3
1483,6
1483,10
1483,4
1484,1
1484,4
1485,7
1485,3
1485,4
1486,5
1486,4
1487,7
1488,7
1488,2
1488,6
1489,5
1489,4
1489,10
1490,1
1490,7
1491,5
1491,3
1491,6
1492,10
1492,1
1492,6
1493,3
1494,5
1494,2
1494,3
1495,2
1496,10
1497,3
1497,4
1498,4
1499,10
1500,2
1501,1
1502,3
1502,2
1502,8
1503,6
1504,5
1504,10
1504,1
1505,5
1506,2
1506,5
1506,3
1507,10
1508,1
1508,5
1508,3
1509,9
1509,10
1510,10
1511,7
1512,10
1512,6
1513,9
1514,1
1514,10
1515,4
1516,5
1517,6
1518,7
1518,2
1519,9
1519,10
1519,5
1520,6
1520,3
1521,10
1522,9
1522,6
1523,6
1523,8
1524,10
1524,4
1524,8
1525,4
1526,8
1526,5
1527,5
1527,9
1527,1
1528,5
1529,6
1529,4
1529,5
1530,10
1530,1
1531,6
1531,4
1531,1
1532,10
1532,3
1532,2
1533,3
1533,10
1533,1
1534,10
1535,6
1535,1
1536,10
1536,7
1537,10
1537,4
1537,2
1538,3
1538,5
1539,5
1539,10
1539,1
1540,7
1540,6
1540,3
1541,7
1541,6
1542,3
1542,7
1543,1
1544,5
1544,3
1545,6
1545,2
1546,3
1546,9
1547,6
1547,10
1548,5
1549,4
1550,9
1550,3
1551,3
1551,9
1552,5
1553,5
1554,4
1555,10
1556,2
1556,6
1557,4
1557,9
1558,1
1558,10
1559,3
1559,6
1559,8
1560,10
1560,9
1561,4
1561,5
1562,4
1563,6
1564,4
1564,1
1565,4
1565,5
1566,7
1566,2
1566,9
1567,6
1568,4
1568,7
1569,5
1569,3
1570,2
1571,1
1571,5
1571,9
1572,9
1572,2
1572,6
1573,10
1573,7
1574,10
1575,5
1576,10
1577,6
1577,1
1578,9
1579,2
1579,9
1580,2
1580,5
1581,3
1581,4
1582,10
1582,9
1583,10
1583,3
1584,9
1584,4
1584,10
1585,3
1586,7
1587,1
1588,10
1589,8
1589,5
1590,4
1591,9
1591,5
1592,6
1592,9
1592,5
1593,7
1593,5
1594,1
1594,9
1596,6
1597,9
1597,5
1597,6
1598,10
1599,4
1599,5
1600,1
1601,6
1601,2
1601,8
1602,10
1602,5
1603,3
1604,5
1604,9
1605,10
1606,9
1606,10
1607,10
1607,5
1607,4
1608,10
1608,2
1608,8
1609,5
1610,9
1610,3
1611,10
1611,8
1612,2
1612,1
1613,4
1614,5
1615,2
1616,2
1616,1
1616,7
1617,3
1618,6
1618,9
1618,5
1619,9
1620,8
1621,9
1621,5
1622,6
1622,10
1623,7
1623,1
1623,5
1624,10
1625,5
1626,6
1626,10
1626,3
1627,6
1628,9
1629,5
1629,10
1630,5
1630,2
1630,8
1631,1
1631,9
1632,10
1632,3
1632,1
1633,10
1633,4
1633,9
1634,10
1634,9
1634,2
1635,9
1635,5
1635,8
1636,5
1637,4
1637,6
1638,5
1639,6
1640,5
1641,3
1642,10
1643,3
1643,10
1644,4
1645,3
1646,1
1646,5
1647,4
1647,3
1648,1
1648,10
1648,2
1649,3
1649,4
1649,10
1650,7
1650,9
1651,1
1652,2
1652,10
1652,6
1653,5
1653,1
1654,5
1654,3
1654,10
1655,10
1655,7
1655,3
1656,10
1656,3
1656,5
1657,4
1658,2
1658,4
1659,9
1659,7
1659,5
1660,3
1660,1
1661,3
1661,8
1662,7
1662,9
1662,6
1663,5
1664,5
1664,9
1664,10
1665,10
1665,1
1666,3
1667,1
1667,3
1667,9
1668,1
1668,9
1669,6
1669,9
1669,4
1670,7
1671,10
1671,4
1671,1
1672,1
1672,2
1673,8
1674,1
1674,5
1675,3
1676,1
1676,2
1677,7
1677,10
1678,10
1679,9
1679,1
1679,8
1680,5
1680,7
1680,4
1681,5
1681,7
1682,6
1683,6
1683,7
1683,10
1684,9
1685,4
1686,4
1686,8
1687,1
1687,8
1688,5
1688,1
1688,3
1689,3
1690,2
1690,9
1690,10
1691,1
1691,4
1692,9
1693,2
1694,9
1695,5
1695,9
1695,4
1696,10
1696,8
1696,9
1697,7
1697,5
1697,3
1698,5
1698,3
1699,2
1700,4
1701,9
1701,1
1701,5
1702,1
1702,5
1703,5
1703,9
1703,4
1704,5
1705,9
1706,1
1706,3
1707,1
1708,3
1709,9
1709,5
1710,6
1710,5
1711,1
1711,3
1711,8
1712,4
1712,2
1713,2
1713,10
1714,10
1715,10
1715,6
1716,3
1716,7
1716,2
1717,9
1718,6
1718,5
1718,9
1719,10
1719,6
1720,7
1720,2
1721,9
1721,2
1722,10
1722,9
1723,1
1723,9
1723,10
1724,1
1725,10
1725,6
1725,1
1726,7
1726,9
1726,1
1727,2
1728,9
1728,6
1729,1
1730,3
1731,9
1732,1
1733,3
1733,6
1733,5
1734,2
1734,3
1734,5
1735,4
1736,1
1737,4
1737,5
1737,7
1738,9
1739,3
1740,7
1740,1
1741,5
1741,1
1741,9
1742,5
1743,10
1744,8
1745,8
1745,7
1746,4
1746,1
1747,1
1747,10
1748,1
1749,9
1750,5
1751,9
1752,9
1752,5
1752,6
1753,8
1753,5
1754,8
1754,10
1754,3
1755,8
1755,5
1755,6
1756,9
1757,10
1758,2
1758,9
1758,1
1759,7
1759,4
1759,3
1760,2
1761,5
1761,4
1761,9
1762,3
1763,3
1763,9
1764,6
1765,2
1766,3
1767,4
1767,6
1768,10
1768,9
1768,6
1769,5
1770,5
1770,10
1771,5
1771,2
1771,4
1772,5
1772,6
1772,7
1774,8
1775,10
1775,5
1776,8
1776,10
1777,9
1778,2
1778,7
1778,1
1779,5
1780,5
1780,6
1780,9
1781,5
1781,3
1781,1
1782,10
1782,7
1782,6
1783,10
1783,1
1784,5
1785,10
1785,6
1786,4
1786,1
1786,5
1787,9
1787,8
1787,7
1788,5
1789,2
1789,3
1790,10
1790,5
1791,9
1791,6
1792,3
1792,6
1793,6
1793,1
1793,3
1794,10
1795,4
1796,10
1796,8
1797,6
1797,9
1798,8
1798,7
1799,3
1799,5
1799,4
1800,5
1801,9
1801,8
1802,10
1802,3
1803,6
1803,2
1803,1
1804,6
1804,3
1804,2
1805,10
1805,8
1805,4
1806,4
1807,9
1807,10
1807,1
1808,1
1808,6
1808,9
1809,6
1809,5
1810,2
1810,1
1811,6
1811,9
1811,4
1812,8
1813,9
1813,10
1813,4
1814,7
1814,4
1815,6
1816,10
1816,5
1817,10
1817,2
1817,7
1818,3
1818,10
1818,1
1819,1
1819,9
1819,4
1820,6
1821,8
1821,5
1821,4
1822,2
1823,6
1823,5
1824,6
1824,9
1825,10
1825,6
1826,4
1827,9
1828,5
1828,7
1828,2
1829,5
1829,10
1830,5
1830,6
1830,10
1831,6
1832,3
1833,2
1833,3
1833,5
1834,5
1835,6
1836,2
1836,3
1837,9
1837,3
1838,2
1838,8
1838,3
1839,6
1840,7
1840,6
1841,10
1842,6
1843,7
1843,5
1844,5
1844,10
1844,6
1845,3
1845,8
1846,1
1846,4
1846,6
1847,5
1847,10
1848,9
1848,5
1848,2
1849,7
1849,6
1850,6
1851,9
1852,9
1852,8
1853,10
1854,5
1854,3
1855,6
1855,5
1856,8
1857,2
1858,1
1858,3
1859,1
1859,2
1859,6
1860,6
1860,5
1861,6
1861,7
1861,2
1862,9
1862,5
1862,4
1863,8
1863,9
1863,3
1865,10
1865,5
1866,10
1866,6
1867,10
1867,4
1867,5
1868,4
1868,5
1869,8
1869,1
1870,6
1870,10
1871,2
1871,5
1872,6
1872,7
1873,1
1874,10
1874,5
1874,6
1875,6
1875,1
1876,6
1877,10
1877,3
1878,2
1878,4
1879,10
1879,1
1879,3
1880,2
1880,10
1881,5
1882,4
1882,5
1883,2
1883,8
1884,6
1884,10
1885,9
1885,3
1886,9
1886,6
1886,2
1887,6
1888,6
1888,9
1888,10
1889,1
1889,10
1890,4
1890,5
1890,3
1891,4
1891,3
1891,5
1892,1
1893,6
1894,2
1894,3
1894,7
1895,9
1895,3
1895,2
1896,6
1896,2
1896,9
1897,8
1897,10
1898,5
1898,10
1899,5
1899,10
1900,5
1900,9
1901,1
1901,2
1901,3
1902,5
1902,9
1903,5
1904,9
1904,10
1905,5
1905,9
1906,5
1906,9
1906,6
1907,9
1907,5
1908,8
1908,9
1908,1
1909,5
1910,5
1911,9
1911,10
1911,6
1912,10
1913,8
1913,5
1913,4
1914,10
1914,9
1914,4
1915,10
1916,1
1916,5
1917,2
1917,6
1917,3
1918,1
1918,8
1918,10
1919,3
1920,7
1920,3
1921,5
1921,9
1921,6
1922,10
1922,6
1923,6
1923,1
1924,9
1924,10
1925,4
1926,5
1926,3
1926,2
1927,3
1927,5
1928,7
1929,1
1929,9
1929,6
1930,10
1930,5
1932,9
1932,5
1932,2
1933,9
1934,3
1935,6
1935,5
1935,3
1936,5
1936,10
1936,6
1937,5
1938,9
1938,1
1939,6
1939,9
1939,8
1940,2
1940,6
1941,5
1941,9
1941,2
1942,3
1942,10
1942,9
1943,1
1944,10
1944,9
1944,4
1945,2
1946,4
1946,1
1946,10
1947,3
1947,6
1947,1
1948,9
1948,1
1948,3
1949,4
1950,10
1950,6
1951,7
1952,10
1953,1
1953,2
1953,3
1954,7
1954,9
1955,4
1955,9
1955,1
1956,2
1956,10
1956,4
1957,1
1957,9
1957,2
1958,5
1958,6
1958,7
1959,5
1959,4
1959,2
1962,4
1962,6
1963,7
1963,5
1964,6
1964,5
1965,10
1965,5
1966,10
1966,3
1967,9
1967,1
1967,10
1968,9
1968,10
1968,8
1969,1
1969,5
1970,6
1970,1
1971,8
1972,1
1972,6
1973,6
1973,5
1973,1
1974,5
1975,4
1975,1
1975,10
1976,9
1976,5
1976,10
1977,6
1977,9
1978,1
1979,5
1980,9
1981,5
1982,4
1983,1
1983,5
1984,2
1984,1
1984,4
1985,3
1986,6
1986,3
1987,5
1987,4
1988,6
1989,3
1990,8
1991,4
1991,7
1992,9
1992,5
1993,2
1993,8
1993,4
1994,9
1994,10
1994,5
1995,9
1995,3
1995,2
1996,6
1997,5
1997,1
1998,6
1999,4
1999,5
2000,7
2001,6
2002,2
2002,4
2002,3
2003,7
2003,6
2003,10
2004,1
2004,6
2005,5
2005,2
2006,5
2006,4
2006,10
2007,6
2007,5
2007,4
2008,4
2008,2
2009,5
2010,5
2011,9
2011,2
2011,1
2012,4
2013,4
2014,6
2015,1
2016,2
2016,6
2017,6
2017,10
2018,10
2019,2
2019,3
2019,8
2020,9
2020,2
2021,3
2021,9
2022,7
2023,9
2024,5
2025,10
2026,3
2027,9
2027,3
2028,8
2028,6
2028,9
2029,4
2030,9
2031,6
2032,1
2032,10
2033,4
2033,2
2034,5
2034,3
2034,10
2035,10
2035,9
2036,10
2036,2
2036,6
2037,3
2037,9
2038,9
2038,5
2039,5
2039,3
2040,1
2040,9
2040,5
2041,4
2041,1
2042,3
2042,5
2042,1
2043,7
2043,4
2044,2
2044,8
2044,3
2045,1
2045,10
2045,3
2046,10
2046,1
2046,9
2047,3
2047,1
2048,5
2048,6
2049,8
2049,10
2050,8
2050,6
2050,1
2051,6
2051,2
2051,8
2052,9
2052,4
2052,5
2053,10
2054,1
2054,2
2055,5
2055,1
2055,3
2056,4
2056,5
2057,2
2058,3
2058,1
2058,7
2059,1
2059,4
2060,10
2060,4
2061,10
2061,5
2061,1
2062,1
2063,1
2063,5
2064,5
2064,9
2065,7
2065,9
2066,6
2066,4
2067,9
2067,1
2067,6
2068,1
2068,10
2069,10
2070,5
2070,7
2071,9
2072,6
2072,2
2073,10
2073,2
2074,2
2074,8
2075,6
2075,9
2075,10
2076,7
2076,5
2076,4
2077,1
2078,4
2078,10
2079,4
2079,9
2079,6
2080,10
2080,9
2080,1
2081,9
2081,8
2082,8
2082,5
2082,10
2083,4
2083,5
2083,1
2084,10
2085,8
2085,2
2086,10
2087,1
2087,6
2087,10
2088,6
2090,10
2090,6
2091,9
2091,1
2091,2
2092,2
2092,10
2092,8
2093,9
2093,4
2094,10
2094,3
2095,9
2096,9
2096,4
2096,2
2097,1
2097,6
2098,4
2099,1
2099,7
2100,2
2100,8
2101,6
2101,1
2101,9
2102,5
2102,2
2102,1
2103,5
2103,3
2103,9
2104,10
2104,5
2104,6
2105,8
2106,10
2106,4
2107,10
2107,1
2107,4
2108,7
2108,4
2109,8
2109,10
2109,4
2110,3
2110,9
2111,4
2111,10
2111,3
2112,2
2112,6
2112,8
2113,9
2113,8
2114,1
2114,6
2115,10
2115,1
2116,10
2116,9
2117,5
2118,10
2118,2
2118,9
2119,6
2119,4
2120,10
2121,9
2121,5
2122,10
2122,1
2122,7
2123,1
2125,5
2126,3
2127,10
2128,2
2129,9
2129,6
2129,2
2130,9
2130,8
2131,10
2132,10
2132,1
2132,9
2133,9
2133,4
2133,2
2134,7
2134,4
2135,3
2135,1
2136,9
2136,10
2137,10
2137,3
2137,5
2138,7
2138,1
2138,10
2139,4
2139,2
2140,5
2141,9
2141,1
2141,6
2142,1
2142,4
2142,2
2143,1
2143,10
2144,10
2144,7
2145,5
2146,1
2147,2
2147,5
2148,8
2148,4
2148,3
2149,2
2149,1
2149,10
2150,7
2150,5
2151,5
2152,4
2152,5
2152,1
2153,2
2153,6
2154,5
2155,5
2155,1
2156,2
2156,6
2157,7
2158,5
2158,6
2158,10
2159,10
2159,1
2160,2
2160,9
2161,4
2161,8
2162,9
2162,10
2162,7
2163,3
2163,5
2163,1
2164,7
2164,2
2164,3
2165,4
2166,4
2166,1
2167,7
2167,4
2168,8
2169,2
2170,4
2170,9
2170,3
2171,2
2171,7
2171,3
2172,1
2172,9
2173,6
2173,10
2174,8
2174,4
2175,1
2176,10
2176,5
2177,5
2178,6
2179,6
2179,3
2179,9
2180,9
2180,3
2180,10
2181,1
2181,4
2182,6
2182,3
2182,2
2183,4
2183,7
2183,6
2184,1
2184,5
2185,4
2186,3
2187,6
2187,1
2187,2
2188,6
2188,4
2189,1
2190,9
2190,1
2191,6
2192,1
2193,2
2194,4
2194,9
2194,5
2195,3
2195,6
2196,9
2197,10
2198,10
2198,9
2198,6
2200,2
2201,9
2201,10
2201,6
2202,2
2202,10
2203,10
2203,5
2203,9
2204,9
2204,7
2204,6
2205,6
2206,9
2207,5
2207,9
2207,1
2208,3
2208,6
2208,9
2209,7
2209,1
2210,5
2210,10
2211,6
2211,4
2212,9
2212,7
2213,3
2214,8
2215,2
2215,10
2215,6
2216,6
2217,2
2218,3
2219,3
2219,9
2219,5
2220,10
2220,9
2220,8
2221,3
2222,3
2223,2
2224,9
2224,6
2225,6
2225,5
2226,10
2227,2
2228,5
2229,5
2229,10
2230,5
2231,5
2231,8
2231,3
2232,1
2232,5
2233,3
2233,2
2234,10
2234,1
2235,2
2235,3
2236,9
2237,6
2238,10
2239,5
2240,6
2241,10
2241,6
2241,4
2242,4
2243,9
2243,6
2243,5
2244,10
2244,6
2244,9
2245,6
2245,5
2246,3
2247,4
2247,1
2247,5
2248,1
2248,3
2248,5
2249,9
2250,6
2250,4
2251,1
2251,9
2252,9
2252,2
2253,3
2254,9
2254,5
2254,1
2255,6
2255,10
2256,5
2257,6
2258,1
2258,2
2258,9
2259,10
2260,9
2260,4
2261,5
2262,1
2262,9
2262,6
2263,1
2264,6
2264,3
2264,1
2265,2
2265,1
2266,8
2267,6
2267,3
2268,9
2268,10
2268,5
2269,10
2270,5
2271,10
2271,4
2271,2
2272,9
2273,5
2273,6
2273,2
2274,9
2275,1
2275,6
2275,10
2276,7
2276,5
2276,1
2277,8
2278,9
2278,8
2279,2
2279,8
2279,4
2280,10
2280,9
2280,2
2281,6
2281,10
2282,6
2282,5
2283,6
2283,2
2283,1
2284,2
2284,6
2284,4
2285,2
2285,4
2285,3
2286,10
2286,4
2287,3
2287,6
2287,9
2288,6
2288,5
2288,3
2289,6
2289,10
2289,1
2290,5
2290,10
2290,4
2291,1
2291,6
2292,3
2292,10
2292,4
2293,7
2294,1
2294,10
2295,7
2296,8
2296,4
2296,5
2297,5
2297,6
2297,10
2298,10
2299,1
2300,10
2301,9
2301,5
2301,8
2302,1
2302,5
2302,9
2303,1
2303,9
2304,5
2304,8
2304,3
2305,2
2305,9
2306,6
2306,2
2307,1
2307,7
2307,3
2308,7
2308,9
2309,3
2310,10
2310,9
2311,8
2311,9
2311,5
2312,10
2313,9
2313,1
2313,6
2314,9
2314,10
2315,6
2316,5
2316,10
2316,3
2317,10
2318,5
2318,1
2318,9
2319,2
2320,6
2320,2
2321,9
2321,5
2321,4
2322,7
2322,2
2323,5
2323,3
2323,2
2324,5
2325,10
2325,6
2326,9
2327,1
2327,6
2328,6
2328,10
2329,7
2329,6
2329,2
2331,8
2331,5
2331,9
2332,9
2332,3
2333,5
2334,4
2334,3
2334,2
2335,9
2335,8
2336,4
2336,1
2336,9
2337,5
2337,10
2337,1
2338,1
2338,4
2339,4
2339,9
2340,9
2340,2
2341,9
2341,5
2341,10
2342,6
2343,9
2344,5
2344,3
2344,6
2345,1
2345,10
2346,8
2347,7
2348,6
2348,4
2348,7
2349,6
2349,4
2349,3
2350,4
2350,10
2350,5
2351,9
2351,10
2351,6
2352,3
2353,4
2353,1
2353,10
2354,2
2355,7
2356,5
2356,9
2356,10
2357,10
2357,8
2358,3
2358,1
2359,2
2359,4
2359,10
2360,5
2360,2
2360,6
2361,6
2361,2
2361,9
2362,1
2362,8
2363,6
2363,9
2363,2
2364,2
2364,4
2364,1
2365,5
2366,6
2367,3
2367,9
2368,2
2368,3
2369,6
2370,10
2371,8
2371,1
2372,10
2372,1
2373,10
2373,9
2374,3
2374,9
2375,9
2375,8
2376,5
2377,6
2378,8
2379,8
2379,3
2379,10
2380,4
2380,10
2381,1
2381,7
2382,9
2382,2
2383,9
2383,1
2383,6
2384,10
2384,3
2385,1
2385,6
2386,4
2387,1
2388,7
2388,5
2388,1
2389,4
2389,6
2389,10
2390,9
2391,5
2391,1
2392,6
2392,7
2393,5
2394,5
2394,3
2395,8
2396,4
2396,1
2396,6
2397,1
2398,2
2399,5
2399,3
2399,9
2400,5
2400,10
2400,9
2401,5
2401,7
2402,5
2403,8
2403,10
2403,5
2404,10
2404,3
2404,8
2406,9
2407,3
2408,8
2408,9
2408,6
2409,1
2410,10
2410,9
2410,5
2411,9
2411,4
2412,10
2412,3
2413,1
2413,10
2414,5
2415,1
2416,2
2416,4
2416,5
2417,3
2417,2
2417,10
2418,1
2419,3
2420,3
2420,9
2421,4
2421,2
2421,1
2422,10
2422,1
2423,2
2424,7
2425,9
2426,10
2426,4
2427,10
2427,8
2427,6
2428,4
2428,1
2428,9
2429,5
2429,9
2429,6
2430,5
2430,10
2431,1
2432,8
2432,10
2432,3
2433,5
2434,5
2434,2
2435,10
2435,5
2435,7
2436,2
2436,8
2436,5
2437,8
2438,1
2440,1
2440,6
2440,3
2441,3
2441,6
2442,1
2442,6
2442,4
2443,1
2444,1
2445,9
2445,10
2446,3
2446,5
2446,9
2447,6
2447,5
2447,1
2448,3
2449,10
2449,6
2450,10
2450,3
2450,4
2451,10
2452,3
2452,6
2452,1
2453,1
2454,1
2455,9
2455,3
2456,10
2456,2
2457,4
2457,7
2458,8
2458,6
2459,1
2460,10
2460,1
2460,9
2461,3
2462,1
2462,6
2462,8
2463,5
2464,4
2464,5
2464,2
2465,10
2465,5
2466,8
2466,5
2466,9
2467,9
2467,6
2467,3
2468,2
2469,2
2469,9
2469,5
2470,9
2470,10
2470,3
2471,5
2471,3
2472,5
2472,4
2472,1
2473,4
2473,6
2474,6
2475,8
2476,8
2476,9
2477,10
2477,5
2477,3
2479,7
2479,2
2480,10
2480,4
2481,9
2482,5
2482,1
2483,6
2483,5
2483,2
2484,7
2484,2
2484,8
2485,5
2486,4
2487,1
2487,4
2488,9
2488,1
2488,4
2489,5
2489,6
2490,2
2490,3
2490,5
2491,5
2492,10
2493,5
2493,1
2494,3
2494,7
2495,8
2495,5
2496,6
2496,9
2496,1
2497,1
2498,5
2498,10
2498,9
2499,5
2500,5
2500,9
2500,2
